,districtid,monthid,cases
0,101.0,1.0,0.0
1,102.0,1.0,0.0
2,103.0,1.0,74.0
3,104.0,1.0,0.0
4,105.0,1.0,1.0
5,106.0,1.0,0.0
6,107.0,1.0,0.0
7,108.0,1.0,0.0
8,109.0,1.0,0.0
9,110.0,1.0,0.0
10,111.0,1.0,0.0
11,112.0,1.0,0.0
12,113.0,1.0,0.0
13,114.0,1.0,0.0
14,115.0,1.0,0.0
15,116.0,1.0,0.0
16,117.0,1.0,0.0
17,118.0,1.0,0.0
18,119.0,1.0,0.0
19,120.0,1.0,0.0
20,121.0,1.0,0.0
21,122.0,1.0,0.0
22,123.0,1.0,0.0
23,124.0,1.0,0.0
24,125.0,1.0,0.0
25,126.0,1.0,0.0
26,127.0,1.0,0.0
27,128.0,1.0,0.0
28,129.0,1.0,0.0
29,130.0,1.0,0.0
30,131.0,1.0,0.0
31,132.0,1.0,0.0
32,133.0,1.0,0.0
33,134.0,1.0,0.0
34,135.0,1.0,0.0
35,136.0,1.0,0.0
36,137.0,1.0,0.0
37,138.0,1.0,0.0
38,139.0,1.0,0.0
39,140.0,1.0,0.0
40,141.0,1.0,0.0
41,142.0,1.0,0.0
42,143.0,1.0,0.0
43,144.0,1.0,0.0
44,145.0,1.0,0.0
45,146.0,1.0,0.0
46,147.0,1.0,0.0
47,148.0,1.0,0.0
48,149.0,1.0,0.0
49,150.0,1.0,0.0
50,151.0,1.0,0.0
51,152.0,1.0,0.0
52,153.0,1.0,0.0
53,154.0,1.0,0.0
54,155.0,1.0,0.0
55,156.0,1.0,0.0
56,157.0,1.0,0.0
57,158.0,1.0,0.0
58,159.0,1.0,0.0
59,160.0,1.0,0.0
60,161.0,1.0,0.0
61,162.0,1.0,0.0
62,163.0,1.0,0.0
63,164.0,1.0,0.0
64,165.0,1.0,0.0
65,166.0,1.0,0.0
66,167.0,1.0,0.0
67,168.0,1.0,0.0
68,169.0,1.0,0.0
69,170.0,1.0,0.0
70,171.0,1.0,0.0
71,172.0,1.0,95.0
72,173.0,1.0,0.0
73,174.0,1.0,0.0
74,175.0,1.0,0.0
75,176.0,1.0,0.0
76,177.0,1.0,0.0
77,178.0,1.0,0.0
78,179.0,1.0,0.0
79,180.0,1.0,0.0
80,181.0,1.0,0.0
81,182.0,1.0,0.0
82,183.0,1.0,0.0
83,184.0,1.0,0.0
84,185.0,1.0,0.0
85,186.0,1.0,0.0
86,187.0,1.0,0.0
87,188.0,1.0,0.0
88,189.0,1.0,0.0
89,190.0,1.0,0.0
90,191.0,1.0,0.0
91,192.0,1.0,0.0
92,193.0,1.0,0.0
93,194.0,1.0,0.0
94,195.0,1.0,0.0
95,196.0,1.0,0.0
96,197.0,1.0,0.0
97,198.0,1.0,0.0
98,199.0,1.0,0.0
99,200.0,1.0,0.0
100,201.0,1.0,0.0
101,202.0,1.0,0.0
102,203.0,1.0,0.0
103,204.0,1.0,0.0
104,205.0,1.0,0.0
105,206.0,1.0,0.0
106,207.0,1.0,0.0
107,208.0,1.0,0.0
108,209.0,1.0,15.0
109,210.0,1.0,0.0
110,211.0,1.0,0.0
111,212.0,1.0,0.0
112,213.0,1.0,0.0
113,214.0,1.0,0.0
114,215.0,1.0,123.0
115,216.0,1.0,0.0
116,217.0,1.0,0.0
117,218.0,1.0,0.0
118,219.0,1.0,0.0
119,220.0,1.0,0.0
120,221.0,1.0,0.0
121,222.0,1.0,0.0
122,223.0,1.0,0.0
123,224.0,1.0,0.0
124,225.0,1.0,0.0
125,226.0,1.0,0.0
126,227.0,1.0,0.0
127,228.0,1.0,0.0
128,229.0,1.0,0.0
129,230.0,1.0,0.0
130,231.0,1.0,0.0
131,232.0,1.0,0.0
132,233.0,1.0,0.0
133,234.0,1.0,0.0
134,235.0,1.0,0.0
135,236.0,1.0,0.0
136,237.0,1.0,0.0
137,238.0,1.0,0.0
138,239.0,1.0,0.0
139,240.0,1.0,0.0
140,241.0,1.0,0.0
141,242.0,1.0,0.0
142,243.0,1.0,0.0
143,244.0,1.0,113.0
144,245.0,1.0,0.0
145,246.0,1.0,0.0
146,247.0,1.0,0.0
147,248.0,1.0,0.0
148,249.0,1.0,0.0
149,250.0,1.0,0.0
150,251.0,1.0,0.0
151,252.0,1.0,0.0
152,253.0,1.0,0.0
153,254.0,1.0,0.0
154,255.0,1.0,0.0
155,256.0,1.0,0.0
156,257.0,1.0,0.0
157,258.0,1.0,0.0
158,259.0,1.0,0.0
159,260.0,1.0,0.0
160,261.0,1.0,0.0
161,262.0,1.0,0.0
162,263.0,1.0,0.0
163,264.0,1.0,0.0
164,265.0,1.0,0.0
165,266.0,1.0,0.0
166,267.0,1.0,0.0
167,268.0,1.0,0.0
168,269.0,1.0,43.0
169,270.0,1.0,0.0
170,271.0,1.0,0.0
171,272.0,1.0,0.0
172,273.0,1.0,0.0
173,274.0,1.0,0.0
174,275.0,1.0,0.0
175,276.0,1.0,0.0
176,277.0,1.0,0.0
177,278.0,1.0,0.0
178,279.0,1.0,29.0
179,280.0,1.0,0.0
180,281.0,1.0,0.0
181,282.0,1.0,0.0
182,283.0,1.0,0.0
183,284.0,1.0,0.0
184,285.0,1.0,0.0
185,286.0,1.0,0.0
186,287.0,1.0,0.0
187,288.0,1.0,0.0
188,289.0,1.0,0.0
189,290.0,1.0,0.0
190,291.0,1.0,0.0
191,292.0,1.0,0.0
192,293.0,1.0,0.0
193,294.0,1.0,4.0
194,295.0,1.0,0.0
195,296.0,1.0,0.0
196,297.0,1.0,0.0
197,298.0,1.0,0.0
198,299.0,1.0,0.0
199,300.0,1.0,0.0
200,301.0,1.0,0.0
201,302.0,1.0,0.0
202,303.0,1.0,0.0
203,304.0,1.0,0.0
204,305.0,1.0,0.0
205,306.0,1.0,0.0
206,307.0,1.0,0.0
207,308.0,1.0,0.0
208,309.0,1.0,0.0
209,310.0,1.0,0.0
210,311.0,1.0,0.0
211,312.0,1.0,0.0
212,313.0,1.0,0.0
213,314.0,1.0,0.0
214,315.0,1.0,0.0
215,316.0,1.0,0.0
216,317.0,1.0,0.0
217,318.0,1.0,0.0
218,319.0,1.0,0.0
219,320.0,1.0,0.0
220,321.0,1.0,0.0
221,322.0,1.0,7.0
222,323.0,1.0,0.0
223,324.0,1.0,0.0
224,325.0,1.0,0.0
225,326.0,1.0,0.0
226,327.0,1.0,0.0
227,328.0,1.0,0.0
228,329.0,1.0,0.0
229,330.0,1.0,0.0
230,331.0,1.0,0.0
231,332.0,1.0,0.0
232,333.0,1.0,0.0
233,334.0,1.0,0.0
234,335.0,1.0,66.0
235,336.0,1.0,0.0
236,337.0,1.0,0.0
237,338.0,1.0,89.0
238,339.0,1.0,0.0
239,340.0,1.0,0.0
240,341.0,1.0,0.0
241,342.0,1.0,0.0
242,343.0,1.0,0.0
243,344.0,1.0,0.0
244,345.0,1.0,0.0
245,346.0,1.0,0.0
246,347.0,1.0,53.0
247,348.0,1.0,0.0
248,349.0,1.0,0.0
249,350.0,1.0,0.0
250,351.0,1.0,0.0
251,352.0,1.0,0.0
252,353.0,1.0,0.0
253,354.0,1.0,0.0
254,355.0,1.0,0.0
255,356.0,1.0,0.0
256,357.0,1.0,0.0
257,358.0,1.0,0.0
258,359.0,1.0,0.0
259,360.0,1.0,0.0
260,361.0,1.0,0.0
261,362.0,1.0,0.0
262,363.0,1.0,0.0
263,364.0,1.0,0.0
264,365.0,1.0,0.0
265,366.0,1.0,0.0
266,367.0,1.0,0.0
267,368.0,1.0,0.0
268,369.0,1.0,0.0
269,370.0,1.0,0.0
270,371.0,1.0,0.0
271,372.0,1.0,0.0
272,373.0,1.0,0.0
273,374.0,1.0,0.0
274,375.0,1.0,3.0
275,376.0,1.0,0.0
276,377.0,1.0,0.0
277,378.0,1.0,0.0
278,379.0,1.0,0.0
279,380.0,1.0,0.0
280,381.0,1.0,0.0
281,382.0,1.0,0.0
282,383.0,1.0,0.0
283,384.0,1.0,0.0
284,385.0,1.0,0.0
285,386.0,1.0,0.0
286,387.0,1.0,0.0
287,388.0,1.0,0.0
288,389.0,1.0,0.0
289,390.0,1.0,0.0
290,391.0,1.0,0.0
291,392.0,1.0,0.0
292,393.0,1.0,0.0
293,394.0,1.0,0.0
294,395.0,1.0,0.0
295,396.0,1.0,0.0
296,397.0,1.0,0.0
297,398.0,1.0,0.0
298,399.0,1.0,0.0
299,400.0,1.0,0.0
300,401.0,1.0,0.0
301,402.0,1.0,0.0
302,403.0,1.0,0.0
303,404.0,1.0,0.0
304,405.0,1.0,0.0
305,406.0,1.0,0.0
306,407.0,1.0,0.0
307,408.0,1.0,0.0
308,409.0,1.0,0.0
309,410.0,1.0,0.0
310,411.0,1.0,0.0
311,412.0,1.0,0.0
312,413.0,1.0,0.0
313,414.0,1.0,0.0
314,415.0,1.0,0.0
315,416.0,1.0,0.0
316,417.0,1.0,0.0
317,418.0,1.0,0.0
318,419.0,1.0,0.0
319,420.0,1.0,0.0
320,421.0,1.0,0.0
321,422.0,1.0,0.0
322,423.0,1.0,0.0
323,424.0,1.0,0.0
324,425.0,1.0,0.0
325,426.0,1.0,0.0
326,427.0,1.0,0.0
327,428.0,1.0,0.0
328,429.0,1.0,0.0
329,430.0,1.0,0.0
330,431.0,1.0,0.0
331,432.0,1.0,0.0
332,433.0,1.0,0.0
333,434.0,1.0,0.0
334,435.0,1.0,0.0
335,436.0,1.0,0.0
336,437.0,1.0,0.0
337,438.0,1.0,0.0
338,439.0,1.0,0.0
339,440.0,1.0,0.0
340,441.0,1.0,10.0
341,442.0,1.0,0.0
342,443.0,1.0,0.0
343,444.0,1.0,0.0
344,445.0,1.0,0.0
345,446.0,1.0,0.0
346,447.0,1.0,0.0
347,448.0,1.0,0.0
348,449.0,1.0,0.0
349,450.0,1.0,0.0
350,451.0,1.0,41.0
351,452.0,1.0,0.0
352,453.0,1.0,0.0
353,454.0,1.0,0.0
354,455.0,1.0,0.0
355,456.0,1.0,0.0
356,457.0,1.0,0.0
357,458.0,1.0,0.0
358,459.0,1.0,0.0
359,460.0,1.0,0.0
360,461.0,1.0,0.0
361,462.0,1.0,0.0
362,463.0,1.0,219.0
363,464.0,1.0,0.0
364,465.0,1.0,0.0
365,466.0,1.0,0.0
366,467.0,1.0,0.0
367,468.0,1.0,0.0
368,469.0,1.0,0.0
369,470.0,1.0,0.0
370,471.0,1.0,0.0
371,472.0,1.0,0.0
372,473.0,1.0,0.0
373,474.0,1.0,0.0
374,475.0,1.0,0.0
375,476.0,1.0,0.0
376,477.0,1.0,0.0
377,478.0,1.0,0.0
378,479.0,1.0,0.0
379,480.0,1.0,0.0
380,481.0,1.0,0.0
381,482.0,1.0,0.0
382,483.0,1.0,0.0
383,484.0,1.0,276.0
384,485.0,1.0,0.0
385,486.0,1.0,0.0
386,487.0,1.0,0.0
387,488.0,1.0,0.0
388,489.0,1.0,0.0
389,490.0,1.0,0.0
390,491.0,1.0,0.0
391,492.0,1.0,0.0
392,493.0,1.0,0.0
393,494.0,1.0,0.0
394,495.0,1.0,0.0
395,496.0,1.0,0.0
396,497.0,1.0,0.0
397,498.0,1.0,0.0
398,499.0,1.0,0.0
399,500.0,1.0,0.0
400,501.0,1.0,0.0
401,502.0,1.0,0.0
402,503.0,1.0,0.0
403,504.0,1.0,0.0
404,505.0,1.0,0.0
405,506.0,1.0,0.0
406,507.0,1.0,0.0
407,508.0,1.0,0.0
408,509.0,1.0,0.0
409,510.0,1.0,0.0
410,511.0,1.0,0.0
411,512.0,1.0,37.0
412,513.0,1.0,0.0
413,514.0,1.0,0.0
414,515.0,1.0,0.0
415,516.0,1.0,0.0
416,517.0,1.0,0.0
417,518.0,1.0,0.0
418,519.0,1.0,0.0
419,520.0,1.0,0.0
420,521.0,1.0,0.0
421,522.0,1.0,0.0
422,523.0,1.0,0.0
423,524.0,1.0,0.0
424,525.0,1.0,0.0
425,526.0,1.0,0.0
426,527.0,1.0,0.0
427,528.0,1.0,0.0
428,529.0,1.0,0.0
429,530.0,1.0,0.0
430,531.0,1.0,0.0
431,532.0,1.0,0.0
432,533.0,1.0,0.0
433,534.0,1.0,0.0
434,535.0,1.0,0.0
435,536.0,1.0,0.0
436,537.0,1.0,21.0
437,538.0,1.0,0.0
438,539.0,1.0,0.0
439,540.0,1.0,0.0
440,541.0,1.0,0.0
441,542.0,1.0,0.0
442,543.0,1.0,0.0
443,544.0,1.0,0.0
444,545.0,1.0,0.0
445,546.0,1.0,0.0
446,547.0,1.0,0.0
447,548.0,1.0,91.0
448,549.0,1.0,1.0
449,550.0,1.0,0.0
450,551.0,1.0,0.0
451,552.0,1.0,0.0
452,553.0,1.0,0.0
453,554.0,1.0,0.0
454,555.0,1.0,0.0
455,556.0,1.0,0.0
456,557.0,1.0,0.0
457,558.0,1.0,0.0
458,559.0,1.0,0.0
459,560.0,1.0,0.0
460,561.0,1.0,0.0
461,562.0,1.0,0.0
462,563.0,1.0,9.0
463,564.0,1.0,0.0
464,565.0,1.0,0.0
465,566.0,1.0,0.0
466,567.0,1.0,0.0
467,568.0,1.0,0.0
468,569.0,1.0,0.0
469,570.0,1.0,0.0
470,571.0,1.0,0.0
471,572.0,1.0,0.0
472,573.0,1.0,0.0
473,574.0,1.0,0.0
474,575.0,1.0,1.0
475,576.0,1.0,0.0
476,577.0,1.0,0.0
477,578.0,1.0,0.0
478,579.0,1.0,0.0
479,580.0,1.0,0.0
480,581.0,1.0,0.0
481,582.0,1.0,0.0
482,583.0,1.0,0.0
483,584.0,1.0,0.0
484,585.0,1.0,0.0
485,586.0,1.0,0.0
486,587.0,1.0,0.0
487,588.0,1.0,0.0
488,589.0,1.0,0.0
489,590.0,1.0,0.0
490,591.0,1.0,0.0
491,592.0,1.0,0.0
492,593.0,1.0,0.0
493,594.0,1.0,0.0
494,595.0,1.0,0.0
495,596.0,1.0,0.0
496,597.0,1.0,0.0
497,598.0,1.0,0.0
498,599.0,1.0,0.0
499,600.0,1.0,0.0
500,601.0,1.0,0.0
501,602.0,1.0,0.0
502,603.0,1.0,0.0
503,604.0,1.0,0.0
504,605.0,1.0,0.0
505,606.0,1.0,0.0
506,607.0,1.0,0.0
507,608.0,1.0,0.0
508,609.0,1.0,0.0
509,610.0,1.0,0.0
510,611.0,1.0,0.0
511,612.0,1.0,0.0
512,613.0,1.0,0.0
513,614.0,1.0,0.0
514,615.0,1.0,0.0
515,616.0,1.0,0.0
516,617.0,1.0,0.0
517,618.0,1.0,0.0
518,619.0,1.0,0.0
519,620.0,1.0,0.0
520,621.0,1.0,0.0
521,622.0,1.0,0.0
522,623.0,1.0,0.0
523,624.0,1.0,0.0
524,625.0,1.0,0.0
525,626.0,1.0,0.0
526,627.0,1.0,0.0
527,628.0,1.0,0.0
528,629.0,1.0,0.0
529,630.0,1.0,0.0
530,631.0,1.0,0.0
531,632.0,1.0,0.0
532,633.0,1.0,0.0
533,634.0,1.0,0.0
534,635.0,1.0,0.0
535,636.0,1.0,0.0
536,637.0,1.0,0.0
537,638.0,1.0,0.0
538,639.0,1.0,0.0
539,640.0,1.0,0.0
540,641.0,1.0,0.0
541,642.0,1.0,0.0
542,643.0,1.0,0.0
543,644.0,1.0,0.0
544,645.0,1.0,0.0
545,646.0,1.0,0.0
546,647.0,1.0,0.0
547,648.0,1.0,0.0
548,649.0,1.0,0.0
549,650.0,1.0,0.0
550,651.0,1.0,0.0
551,652.0,1.0,0.0
552,653.0,1.0,0.0
553,654.0,1.0,0.0
554,655.0,1.0,0.0
555,656.0,1.0,0.0
556,657.0,1.0,0.0
557,658.0,1.0,0.0
558,659.0,1.0,0.0
559,660.0,1.0,0.0
560,661.0,1.0,0.0
561,662.0,1.0,0.0
562,663.0,1.0,0.0
563,664.0,1.0,0.0
564,665.0,1.0,0.0
565,666.0,1.0,0.0
566,667.0,1.0,0.0
567,668.0,1.0,0.0
568,669.0,1.0,0.0
569,670.0,1.0,0.0
570,671.0,1.0,0.0
571,672.0,1.0,0.0
572,673.0,1.0,0.0
573,674.0,1.0,0.0
574,675.0,1.0,0.0
575,676.0,1.0,0.0
576,677.0,1.0,0.0
577,678.0,1.0,0.0
578,679.0,1.0,0.0
579,680.0,1.0,0.0
580,681.0,1.0,0.0
581,682.0,1.0,0.0
582,683.0,1.0,0.0
583,684.0,1.0,0.0
584,685.0,1.0,0.0
585,686.0,1.0,0.0
586,687.0,1.0,0.0
587,688.0,1.0,0.0
588,689.0,1.0,0.0
589,690.0,1.0,0.0
590,691.0,1.0,0.0
591,692.0,1.0,0.0
592,693.0,1.0,0.0
593,694.0,1.0,0.0
594,695.0,1.0,0.0
595,696.0,1.0,0.0
596,697.0,1.0,0.0
597,698.0,1.0,0.0
598,699.0,1.0,0.0
599,700.0,1.0,0.0
600,701.0,1.0,0.0
601,702.0,1.0,0.0
602,703.0,1.0,0.0
603,704.0,1.0,0.0
604,705.0,1.0,0.0
605,706.0,1.0,0.0
606,707.0,1.0,0.0
607,708.0,1.0,0.0
608,709.0,1.0,0.0
609,710.0,1.0,0.0
610,711.0,1.0,0.0
611,712.0,1.0,0.0
612,713.0,1.0,0.0
613,714.0,1.0,0.0
614,715.0,1.0,0.0
615,716.0,1.0,0.0
616,717.0,1.0,0.0
617,718.0,1.0,0.0
618,719.0,1.0,0.0
619,720.0,1.0,0.0
620,721.0,1.0,0.0
621,722.0,1.0,0.0
622,723.0,1.0,0.0
623,724.0,1.0,0.0
624,725.0,1.0,0.0
625,726.0,1.0,0.0
626,727.0,1.0,0.0
627,728.0,1.0,0.0
628,729.0,1.0,0.0
629,730.0,1.0,0.0
630,731.0,1.0,0.0
631,101.0,2.0,1.0
632,102.0,2.0,96.0
633,103.0,2.0,3842.0
634,104.0,2.0,6.0
635,105.0,2.0,0.0
636,106.0,2.0,27.0
637,107.0,2.0,10.0
638,108.0,2.0,0.0
639,109.0,2.0,22.0
640,110.0,2.0,0.0
641,111.0,2.0,0.0
642,112.0,2.0,0.0
643,113.0,2.0,2.0
644,114.0,2.0,1.0
645,115.0,2.0,0.0
646,116.0,2.0,0.0
647,117.0,2.0,8.0
648,118.0,2.0,0.0
649,119.0,2.0,28.0
650,120.0,2.0,1.0
651,121.0,2.0,25.0
652,122.0,2.0,8.0
653,123.0,2.0,35.0
654,124.0,2.0,0.0
655,125.0,2.0,0.0
656,126.0,2.0,0.0
657,127.0,2.0,1.0
658,128.0,2.0,1.0
659,129.0,2.0,1.0
660,130.0,2.0,0.0
661,131.0,2.0,1.0
662,132.0,2.0,0.0
663,133.0,2.0,6.0
664,134.0,2.0,81.0
665,135.0,2.0,0.0
666,136.0,2.0,0.0
667,137.0,2.0,5.0
668,138.0,2.0,0.0
669,139.0,2.0,0.0
670,140.0,2.0,0.0
671,141.0,2.0,0.0
672,142.0,2.0,0.0
673,143.0,2.0,10.0
674,144.0,2.0,0.0
675,145.0,2.0,0.0
676,146.0,2.0,0.0
677,147.0,2.0,0.0
678,148.0,2.0,0.0
679,149.0,2.0,0.0
680,150.0,2.0,0.0
681,151.0,2.0,0.0
682,152.0,2.0,1.0
683,153.0,2.0,3.0
684,154.0,2.0,1.0
685,155.0,2.0,0.0
686,156.0,2.0,4.0
687,157.0,2.0,0.0
688,158.0,2.0,22.0
689,159.0,2.0,1.0
690,160.0,2.0,2.0
691,161.0,2.0,0.0
692,162.0,2.0,0.0
693,163.0,2.0,0.0
694,164.0,2.0,2.0
695,165.0,2.0,0.0
696,166.0,2.0,0.0
697,167.0,2.0,2.0
698,168.0,2.0,0.0
699,169.0,2.0,2.0
700,170.0,2.0,15.0
701,171.0,2.0,0.0
702,172.0,2.0,411.0
703,173.0,2.0,0.0
704,174.0,2.0,0.0
705,175.0,2.0,3.0
706,176.0,2.0,0.0
707,177.0,2.0,1.0
708,178.0,2.0,1.0
709,179.0,2.0,2.0
710,180.0,2.0,7.0
711,181.0,2.0,4.0
712,182.0,2.0,0.0
713,183.0,2.0,0.0
714,184.0,2.0,9.0
715,185.0,2.0,93.0
716,186.0,2.0,0.0
717,187.0,2.0,0.0
718,188.0,2.0,3.0
719,189.0,2.0,0.0
720,190.0,2.0,0.0
721,191.0,2.0,0.0
722,192.0,2.0,0.0
723,193.0,2.0,0.0
724,194.0,2.0,8.0
725,195.0,2.0,0.0
726,196.0,2.0,2.0
727,197.0,2.0,6.0
728,198.0,2.0,13.0
729,199.0,2.0,0.0
730,200.0,2.0,0.0
731,201.0,2.0,1.0
732,202.0,2.0,15.0
733,203.0,2.0,0.0
734,204.0,2.0,0.0
735,205.0,2.0,0.0
736,206.0,2.0,0.0
737,207.0,2.0,0.0
738,208.0,2.0,0.0
739,209.0,2.0,59.0
740,210.0,2.0,0.0
741,211.0,2.0,0.0
742,212.0,2.0,0.0
743,213.0,2.0,0.0
744,214.0,2.0,21.0
745,215.0,2.0,2079.0
746,216.0,2.0,0.0
747,217.0,2.0,0.0
748,218.0,2.0,0.0
749,219.0,2.0,0.0
750,220.0,2.0,0.0
751,221.0,2.0,0.0
752,222.0,2.0,0.0
753,223.0,2.0,7.0
754,224.0,2.0,18.0
755,225.0,2.0,0.0
756,226.0,2.0,0.0
757,227.0,2.0,0.0
758,228.0,2.0,1.0
759,229.0,2.0,0.0
760,230.0,2.0,0.0
761,231.0,2.0,1.0
762,232.0,2.0,0.0
763,233.0,2.0,0.0
764,234.0,2.0,3.0
765,235.0,2.0,0.0
766,236.0,2.0,0.0
767,237.0,2.0,1.0
768,238.0,2.0,5.0
769,239.0,2.0,0.0
770,240.0,2.0,0.0
771,241.0,2.0,0.0
772,242.0,2.0,2.0
773,243.0,2.0,3.0
774,244.0,2.0,3395.0
775,245.0,2.0,1.0
776,246.0,2.0,0.0
777,247.0,2.0,0.0
778,248.0,2.0,0.0
779,249.0,2.0,1.0
780,250.0,2.0,0.0
781,251.0,2.0,0.0
782,252.0,2.0,0.0
783,253.0,2.0,12.0
784,254.0,2.0,0.0
785,255.0,2.0,0.0
786,256.0,2.0,0.0
787,257.0,2.0,7.0
788,258.0,2.0,0.0
789,259.0,2.0,0.0
790,260.0,2.0,0.0
791,261.0,2.0,0.0
792,262.0,2.0,0.0
793,263.0,2.0,0.0
794,264.0,2.0,0.0
795,265.0,2.0,0.0
796,266.0,2.0,0.0
797,267.0,2.0,0.0
798,268.0,2.0,0.0
799,269.0,2.0,975.0
800,270.0,2.0,0.0
801,271.0,2.0,0.0
802,272.0,2.0,12.0
803,273.0,2.0,0.0
804,274.0,2.0,0.0
805,275.0,2.0,0.0
806,276.0,2.0,0.0
807,277.0,2.0,1.0
808,278.0,2.0,0.0
809,279.0,2.0,252.0
810,280.0,2.0,3.0
811,281.0,2.0,0.0
812,282.0,2.0,0.0
813,283.0,2.0,0.0
814,284.0,2.0,0.0
815,285.0,2.0,0.0
816,286.0,2.0,1.0
817,287.0,2.0,28.0
818,288.0,2.0,1.0
819,289.0,2.0,0.0
820,290.0,2.0,0.0
821,291.0,2.0,0.0
822,292.0,2.0,23.0
823,293.0,2.0,0.0
824,294.0,2.0,96.0
825,295.0,2.0,0.0
826,296.0,2.0,0.0
827,297.0,2.0,0.0
828,298.0,2.0,24.0
829,299.0,2.0,0.0
830,300.0,2.0,4.0
831,301.0,2.0,0.0
832,302.0,2.0,0.0
833,303.0,2.0,0.0
834,304.0,2.0,0.0
835,305.0,2.0,1.0
836,306.0,2.0,1.0
837,307.0,2.0,0.0
838,308.0,2.0,6.0
839,309.0,2.0,2.0
840,310.0,2.0,0.0
841,311.0,2.0,0.0
842,312.0,2.0,73.0
843,313.0,2.0,3.0
844,314.0,2.0,3.0
845,315.0,2.0,0.0
846,316.0,2.0,0.0
847,317.0,2.0,0.0
848,318.0,2.0,0.0
849,319.0,2.0,1.0
850,320.0,2.0,1.0
851,321.0,2.0,0.0
852,322.0,2.0,41.0
853,323.0,2.0,0.0
854,324.0,2.0,0.0
855,325.0,2.0,0.0
856,326.0,2.0,0.0
857,327.0,2.0,7.0
858,328.0,2.0,0.0
859,329.0,2.0,0.0
860,330.0,2.0,0.0
861,331.0,2.0,3.0
862,332.0,2.0,4.0
863,333.0,2.0,0.0
864,334.0,2.0,4.0
865,335.0,2.0,2189.0
866,336.0,2.0,26.0
867,337.0,2.0,0.0
868,338.0,2.0,99.0
869,339.0,2.0,1.0
870,340.0,2.0,18.0
871,341.0,2.0,11.0
872,342.0,2.0,2.0
873,343.0,2.0,21.0
874,344.0,2.0,0.0
875,345.0,2.0,0.0
876,346.0,2.0,0.0
877,347.0,2.0,439.0
878,348.0,2.0,0.0
879,349.0,2.0,2.0
880,350.0,2.0,0.0
881,351.0,2.0,0.0
882,352.0,2.0,0.0
883,353.0,2.0,3.0
884,354.0,2.0,3.0
885,355.0,2.0,0.0
886,356.0,2.0,24.0
887,357.0,2.0,10.0
888,358.0,2.0,4.0
889,359.0,2.0,0.0
890,360.0,2.0,1.0
891,361.0,2.0,0.0
892,362.0,2.0,0.0
893,363.0,2.0,146.0
894,364.0,2.0,0.0
895,365.0,2.0,0.0
896,366.0,2.0,4.0
897,367.0,2.0,0.0
898,368.0,2.0,15.0
899,369.0,2.0,0.0
900,370.0,2.0,0.0
901,371.0,2.0,3.0
902,372.0,2.0,0.0
903,373.0,2.0,7.0
904,374.0,2.0,0.0
905,375.0,2.0,37.0
906,376.0,2.0,0.0
907,377.0,2.0,4.0
908,378.0,2.0,1.0
909,379.0,2.0,40.0
910,380.0,2.0,0.0
911,381.0,2.0,9.0
912,382.0,2.0,0.0
913,383.0,2.0,0.0
914,384.0,2.0,2.0
915,385.0,2.0,0.0
916,386.0,2.0,0.0
917,387.0,2.0,4.0
918,388.0,2.0,0.0
919,389.0,2.0,0.0
920,390.0,2.0,0.0
921,391.0,2.0,0.0
922,392.0,2.0,0.0
923,393.0,2.0,0.0
924,394.0,2.0,1.0
925,395.0,2.0,0.0
926,396.0,2.0,10.0
927,397.0,2.0,9.0
928,398.0,2.0,0.0
929,399.0,2.0,0.0
930,400.0,2.0,1.0
931,401.0,2.0,0.0
932,402.0,2.0,0.0
933,403.0,2.0,0.0
934,404.0,2.0,0.0
935,405.0,2.0,0.0
936,406.0,2.0,0.0
937,407.0,2.0,0.0
938,408.0,2.0,0.0
939,409.0,2.0,0.0
940,410.0,2.0,0.0
941,411.0,2.0,0.0
942,412.0,2.0,4.0
943,413.0,2.0,0.0
944,414.0,2.0,6.0
945,415.0,2.0,0.0
946,416.0,2.0,0.0
947,417.0,2.0,1.0
948,418.0,2.0,0.0
949,419.0,2.0,0.0
950,420.0,2.0,39.0
951,421.0,2.0,6.0
952,422.0,2.0,0.0
953,423.0,2.0,0.0
954,424.0,2.0,69.0
955,425.0,2.0,0.0
956,426.0,2.0,5.0
957,427.0,2.0,0.0
958,428.0,2.0,2.0
959,429.0,2.0,107.0
960,430.0,2.0,0.0
961,431.0,2.0,0.0
962,432.0,2.0,0.0
963,433.0,2.0,0.0
964,434.0,2.0,0.0
965,435.0,2.0,0.0
966,436.0,2.0,3.0
967,437.0,2.0,0.0
968,438.0,2.0,0.0
969,439.0,2.0,3.0
970,440.0,2.0,0.0
971,441.0,2.0,7.0
972,442.0,2.0,0.0
973,443.0,2.0,0.0
974,444.0,2.0,0.0
975,445.0,2.0,0.0
976,446.0,2.0,0.0
977,447.0,2.0,0.0
978,448.0,2.0,0.0
979,449.0,2.0,0.0
980,450.0,2.0,12.0
981,451.0,2.0,311.0
982,452.0,2.0,0.0
983,453.0,2.0,1.0
984,454.0,2.0,5.0
985,455.0,2.0,9.0
986,456.0,2.0,1.0
987,457.0,2.0,0.0
988,458.0,2.0,0.0
989,459.0,2.0,0.0
990,460.0,2.0,1.0
991,461.0,2.0,0.0
992,462.0,2.0,0.0
993,463.0,2.0,219.0
994,464.0,2.0,0.0
995,465.0,2.0,0.0
996,466.0,2.0,0.0
997,467.0,2.0,0.0
998,468.0,2.0,0.0
999,469.0,2.0,0.0
1000,470.0,2.0,2.0
1001,471.0,2.0,0.0
1002,472.0,2.0,3.0
1003,473.0,2.0,0.0
1004,474.0,2.0,0.0
1005,475.0,2.0,13.0
1006,476.0,2.0,4.0
1007,477.0,2.0,0.0
1008,478.0,2.0,1.0
1009,479.0,2.0,0.0
1010,480.0,2.0,0.0
1011,481.0,2.0,9.0
1012,482.0,2.0,0.0
1013,483.0,2.0,0.0
1014,484.0,2.0,1654.0
1015,485.0,2.0,0.0
1016,486.0,2.0,27.0
1017,487.0,2.0,0.0
1018,488.0,2.0,5.0
1019,489.0,2.0,0.0
1020,490.0,2.0,1.0
1021,491.0,2.0,0.0
1022,492.0,2.0,0.0
1023,493.0,2.0,0.0
1024,494.0,2.0,5.0
1025,495.0,2.0,32.0
1026,496.0,2.0,0.0
1027,497.0,2.0,1.0
1028,498.0,2.0,2.0
1029,499.0,2.0,0.0
1030,500.0,2.0,2.0
1031,501.0,2.0,0.0
1032,502.0,2.0,0.0
1033,503.0,2.0,0.0
1034,504.0,2.0,0.0
1035,505.0,2.0,66.0
1036,506.0,2.0,3.0
1037,507.0,2.0,1.0
1038,508.0,2.0,0.0
1039,509.0,2.0,0.0
1040,510.0,2.0,0.0
1041,511.0,2.0,0.0
1042,512.0,2.0,534.0
1043,513.0,2.0,0.0
1044,514.0,2.0,0.0
1045,515.0,2.0,0.0
1046,516.0,2.0,1.0
1047,517.0,2.0,0.0
1048,518.0,2.0,0.0
1049,519.0,2.0,0.0
1050,520.0,2.0,1.0
1051,521.0,2.0,0.0
1052,522.0,2.0,28.0
1053,523.0,2.0,10.0
1054,524.0,2.0,0.0
1055,525.0,2.0,0.0
1056,526.0,2.0,17.0
1057,527.0,2.0,1.0
1058,528.0,2.0,0.0
1059,529.0,2.0,1.0
1060,530.0,2.0,1.0
1061,531.0,2.0,0.0
1062,532.0,2.0,0.0
1063,533.0,2.0,0.0
1064,534.0,2.0,0.0
1065,535.0,2.0,0.0
1066,536.0,2.0,3.0
1067,537.0,2.0,241.0
1068,538.0,2.0,0.0
1069,539.0,2.0,2.0
1070,540.0,2.0,0.0
1071,541.0,2.0,0.0
1072,542.0,2.0,1.0
1073,543.0,2.0,0.0
1074,544.0,2.0,0.0
1075,545.0,2.0,4.0
1076,546.0,2.0,1.0
1077,547.0,2.0,0.0
1078,548.0,2.0,1689.0
1079,549.0,2.0,7.0
1080,550.0,2.0,0.0
1081,551.0,2.0,4.0
1082,552.0,2.0,0.0
1083,553.0,2.0,196.0
1084,554.0,2.0,0.0
1085,555.0,2.0,0.0
1086,556.0,2.0,0.0
1087,557.0,2.0,1.0
1088,558.0,2.0,0.0
1089,559.0,2.0,1.0
1090,560.0,2.0,0.0
1091,561.0,2.0,14.0
1092,562.0,2.0,0.0
1093,563.0,2.0,28.0
1094,564.0,2.0,27.0
1095,565.0,2.0,0.0
1096,566.0,2.0,13.0
1097,567.0,2.0,0.0
1098,568.0,2.0,0.0
1099,569.0,2.0,0.0
1100,570.0,2.0,0.0
1101,571.0,2.0,3.0
1102,572.0,2.0,0.0
1103,573.0,2.0,0.0
1104,574.0,2.0,4.0
1105,575.0,2.0,92.0
1106,576.0,2.0,1.0
1107,577.0,2.0,1.0
1108,578.0,2.0,0.0
1109,579.0,2.0,0.0
1110,580.0,2.0,1.0
1111,581.0,2.0,2.0
1112,582.0,2.0,0.0
1113,583.0,2.0,0.0
1114,584.0,2.0,0.0
1115,585.0,2.0,30.0
1116,586.0,2.0,0.0
1117,587.0,2.0,2.0
1118,588.0,2.0,23.0
1119,589.0,2.0,12.0
1120,590.0,2.0,0.0
1121,591.0,2.0,0.0
1122,592.0,2.0,6.0
1123,593.0,2.0,0.0
1124,594.0,2.0,0.0
1125,595.0,2.0,0.0
1126,596.0,2.0,0.0
1127,597.0,2.0,1.0
1128,598.0,2.0,0.0
1129,599.0,2.0,0.0
1130,600.0,2.0,0.0
1131,601.0,2.0,5.0
1132,602.0,2.0,2.0
1133,603.0,2.0,3.0
1134,604.0,2.0,2.0
1135,605.0,2.0,0.0
1136,606.0,2.0,3.0
1137,607.0,2.0,3.0
1138,608.0,2.0,0.0
1139,609.0,2.0,0.0
1140,610.0,2.0,0.0
1141,611.0,2.0,0.0
1142,612.0,2.0,0.0
1143,613.0,2.0,3.0
1144,614.0,2.0,3.0
1145,615.0,2.0,0.0
1146,616.0,2.0,0.0
1147,617.0,2.0,0.0
1148,618.0,2.0,1.0
1149,619.0,2.0,0.0
1150,620.0,2.0,0.0
1151,621.0,2.0,0.0
1152,622.0,2.0,0.0
1153,623.0,2.0,0.0
1154,624.0,2.0,0.0
1155,625.0,2.0,9.0
1156,626.0,2.0,0.0
1157,627.0,2.0,0.0
1158,628.0,2.0,0.0
1159,629.0,2.0,0.0
1160,630.0,2.0,1.0
1161,631.0,2.0,0.0
1162,632.0,2.0,1.0
1163,633.0,2.0,0.0
1164,634.0,2.0,0.0
1165,635.0,2.0,0.0
1166,636.0,2.0,0.0
1167,637.0,2.0,0.0
1168,638.0,2.0,6.0
1169,639.0,2.0,0.0
1170,640.0,2.0,0.0
1171,641.0,2.0,0.0
1172,642.0,2.0,0.0
1173,643.0,2.0,52.0
1174,644.0,2.0,0.0
1175,645.0,2.0,5.0
1176,646.0,2.0,0.0
1177,647.0,2.0,0.0
1178,648.0,2.0,0.0
1179,649.0,2.0,0.0
1180,650.0,2.0,0.0
1181,651.0,2.0,3.0
1182,652.0,2.0,2.0
1183,653.0,2.0,4.0
1184,654.0,2.0,0.0
1185,655.0,2.0,0.0
1186,656.0,2.0,0.0
1187,657.0,2.0,4.0
1188,658.0,2.0,0.0
1189,659.0,2.0,3.0
1190,660.0,2.0,88.0
1191,661.0,2.0,0.0
1192,662.0,2.0,0.0
1193,663.0,2.0,0.0
1194,664.0,2.0,14.0
1195,665.0,2.0,0.0
1196,666.0,2.0,0.0
1197,667.0,2.0,0.0
1198,668.0,2.0,205.0
1199,669.0,2.0,0.0
1200,670.0,2.0,0.0
1201,671.0,2.0,2.0
1202,672.0,2.0,2.0
1203,673.0,2.0,0.0
1204,674.0,2.0,0.0
1205,675.0,2.0,0.0
1206,676.0,2.0,0.0
1207,677.0,2.0,0.0
1208,678.0,2.0,0.0
1209,679.0,2.0,0.0
1210,680.0,2.0,0.0
1211,681.0,2.0,0.0
1212,682.0,2.0,0.0
1213,683.0,2.0,19.0
1214,684.0,2.0,0.0
1215,685.0,2.0,2.0
1216,686.0,2.0,3.0
1217,687.0,2.0,3.0
1218,688.0,2.0,0.0
1219,689.0,2.0,0.0
1220,690.0,2.0,32.0
1221,691.0,2.0,0.0
1222,692.0,2.0,0.0
1223,693.0,2.0,0.0
1224,694.0,2.0,0.0
1225,695.0,2.0,0.0
1226,696.0,2.0,0.0
1227,697.0,2.0,0.0
1228,698.0,2.0,0.0
1229,699.0,2.0,0.0
1230,700.0,2.0,0.0
1231,701.0,2.0,0.0
1232,702.0,2.0,55.0
1233,703.0,2.0,1.0
1234,704.0,2.0,0.0
1235,705.0,2.0,24.0
1236,706.0,2.0,0.0
1237,707.0,2.0,0.0
1238,708.0,2.0,4.0
1239,709.0,2.0,3.0
1240,710.0,2.0,0.0
1241,711.0,2.0,1.0
1242,712.0,2.0,0.0
1243,713.0,2.0,0.0
1244,714.0,2.0,1.0
1245,715.0,2.0,0.0
1246,716.0,2.0,5.0
1247,717.0,2.0,0.0
1248,718.0,2.0,5.0
1249,719.0,2.0,0.0
1250,720.0,2.0,0.0
1251,721.0,2.0,0.0
1252,722.0,2.0,0.0
1253,723.0,2.0,0.0
1254,724.0,2.0,2.0
1255,725.0,2.0,0.0
1256,726.0,2.0,15.0
1257,727.0,2.0,0.0
1258,728.0,2.0,0.0
1259,729.0,2.0,0.0
1260,730.0,2.0,31.0
1261,731.0,2.0,0.0
1262,101.0,3.0,1.0
1263,102.0,3.0,414.0
1264,103.0,3.0,9154.0
1265,104.0,3.0,78.0
1266,105.0,3.0,0.0
1267,106.0,3.0,192.0
1268,107.0,3.0,545.0
1269,108.0,3.0,42.0
1270,109.0,3.0,119.0
1271,110.0,3.0,4.0
1272,111.0,3.0,0.0
1273,112.0,3.0,62.0
1274,113.0,3.0,44.0
1275,114.0,3.0,40.0
1276,115.0,3.0,62.0
1277,116.0,3.0,146.0
1278,117.0,3.0,198.0
1279,118.0,3.0,10.0
1280,119.0,3.0,335.0
1281,120.0,3.0,35.0
1282,121.0,3.0,25.0
1283,122.0,3.0,155.0
1284,123.0,3.0,255.0
1285,124.0,3.0,25.0
1286,125.0,3.0,0.0
1287,126.0,3.0,17.0
1288,127.0,3.0,40.0
1289,128.0,3.0,91.0
1290,129.0,3.0,359.0
1291,130.0,3.0,44.0
1292,131.0,3.0,11.0
1293,132.0,3.0,19.0
1294,133.0,3.0,66.0
1295,134.0,3.0,1370.0
1296,135.0,3.0,112.0
1297,136.0,3.0,87.0
1298,137.0,3.0,49.0
1299,138.0,3.0,16.0
1300,139.0,3.0,27.0
1301,140.0,3.0,76.0
1302,141.0,3.0,7.0
1303,142.0,3.0,80.0
1304,143.0,3.0,132.0
1305,144.0,3.0,35.0
1306,145.0,3.0,50.0
1307,146.0,3.0,27.0
1308,147.0,3.0,20.0
1309,148.0,3.0,16.0
1310,149.0,3.0,39.0
1311,150.0,3.0,15.0
1312,151.0,3.0,83.0
1313,152.0,3.0,20.0
1314,153.0,3.0,20.0
1315,154.0,3.0,109.0
1316,155.0,3.0,36.0
1317,156.0,3.0,19.0
1318,157.0,3.0,155.0
1319,158.0,3.0,148.0
1320,159.0,3.0,14.0
1321,160.0,3.0,48.0
1322,161.0,3.0,8.0
1323,162.0,3.0,97.0
1324,163.0,3.0,22.0
1325,164.0,3.0,27.0
1326,165.0,3.0,2.0
1327,166.0,3.0,151.0
1328,167.0,3.0,45.0
1329,168.0,3.0,46.0
1330,169.0,3.0,235.0
1331,170.0,3.0,92.0
1332,171.0,3.0,9.0
1333,172.0,3.0,218.0
1334,173.0,3.0,25.0
1335,174.0,3.0,42.0
1336,175.0,3.0,94.0
1337,176.0,3.0,170.0
1338,177.0,3.0,31.0
1339,178.0,3.0,142.0
1340,179.0,3.0,9.0
1341,180.0,3.0,74.0
1342,181.0,3.0,106.0
1343,182.0,3.0,56.0
1344,183.0,3.0,30.0
1345,184.0,3.0,72.0
1346,185.0,3.0,959.0
1347,186.0,3.0,150.0
1348,187.0,3.0,0.0
1349,188.0,3.0,68.0
1350,189.0,3.0,69.0
1351,190.0,3.0,49.0
1352,191.0,3.0,18.0
1353,192.0,3.0,130.0
1354,193.0,3.0,12.0
1355,194.0,3.0,39.0
1356,195.0,3.0,33.0
1357,196.0,3.0,24.0
1358,197.0,3.0,90.0
1359,198.0,3.0,70.0
1360,199.0,3.0,41.0
1361,200.0,3.0,2.0
1362,201.0,3.0,301.0
1363,202.0,3.0,78.0
1364,203.0,3.0,0.0
1365,204.0,3.0,14.0
1366,205.0,3.0,13.0
1367,206.0,3.0,12.0
1368,207.0,3.0,0.0
1369,208.0,3.0,22.0
1370,209.0,3.0,219.0
1371,210.0,3.0,23.0
1372,211.0,3.0,2.0
1373,212.0,3.0,12.0
1374,213.0,3.0,1.0
1375,214.0,3.0,1096.0
1376,215.0,3.0,13889.0
1377,216.0,3.0,20.0
1378,217.0,3.0,5.0
1379,218.0,3.0,20.0
1380,219.0,3.0,118.0
1381,220.0,3.0,18.0
1382,221.0,3.0,38.0
1383,222.0,3.0,38.0
1384,223.0,3.0,177.0
1385,224.0,3.0,157.0
1386,225.0,3.0,92.0
1387,226.0,3.0,4.0
1388,227.0,3.0,68.0
1389,228.0,3.0,435.0
1390,229.0,3.0,99.0
1391,230.0,3.0,2.0
1392,231.0,3.0,31.0
1393,232.0,3.0,0.0
1394,233.0,3.0,15.0
1395,234.0,3.0,114.0
1396,235.0,3.0,0.0
1397,236.0,3.0,24.0
1398,237.0,3.0,0.0
1399,238.0,3.0,83.0
1400,239.0,3.0,17.0
1401,240.0,3.0,8.0
1402,241.0,3.0,29.0
1403,242.0,3.0,150.0
1404,243.0,3.0,203.0
1405,244.0,3.0,16329.0
1406,245.0,3.0,31.0
1407,246.0,3.0,3.0
1408,247.0,3.0,92.0
1409,248.0,3.0,13.0
1410,249.0,3.0,68.0
1411,250.0,3.0,175.0
1412,251.0,3.0,3.0
1413,252.0,3.0,51.0
1414,253.0,3.0,75.0
1415,254.0,3.0,7.0
1416,255.0,3.0,37.0
1417,256.0,3.0,18.0
1418,257.0,3.0,48.0
1419,258.0,3.0,115.0
1420,259.0,3.0,25.0
1421,260.0,3.0,59.0
1422,261.0,3.0,19.0
1423,262.0,3.0,0.0
1424,263.0,3.0,5.0
1425,264.0,3.0,2.0
1426,265.0,3.0,359.0
1427,266.0,3.0,10.0
1428,267.0,3.0,92.0
1429,268.0,3.0,0.0
1430,269.0,3.0,164.0
1431,270.0,3.0,0.0
1432,271.0,3.0,0.0
1433,272.0,3.0,7.0
1434,273.0,3.0,0.0
1435,274.0,3.0,106.0
1436,275.0,3.0,25.0
1437,276.0,3.0,2.0
1438,277.0,3.0,28.0
1439,278.0,3.0,49.0
1440,279.0,3.0,314.0
1441,280.0,3.0,56.0
1442,281.0,3.0,36.0
1443,282.0,3.0,14.0
1444,283.0,3.0,56.0
1445,284.0,3.0,51.0
1446,285.0,3.0,46.0
1447,286.0,3.0,42.0
1448,287.0,3.0,162.0
1449,288.0,3.0,30.0
1450,289.0,3.0,35.0
1451,290.0,3.0,36.0
1452,291.0,3.0,18.0
1453,292.0,3.0,226.0
1454,293.0,3.0,6.0
1455,294.0,3.0,414.0
1456,295.0,3.0,56.0
1457,296.0,3.0,5.0
1458,297.0,3.0,3.0
1459,298.0,3.0,316.0
1460,299.0,3.0,73.0
1461,300.0,3.0,266.0
1462,301.0,3.0,117.0
1463,302.0,3.0,42.0
1464,303.0,3.0,16.0
1465,304.0,3.0,1.0
1466,305.0,3.0,35.0
1467,306.0,3.0,61.0
1468,307.0,3.0,65.0
1469,308.0,3.0,91.0
1470,309.0,3.0,78.0
1471,310.0,3.0,21.0
1472,311.0,3.0,3.0
1473,312.0,3.0,202.0
1474,313.0,3.0,133.0
1475,314.0,3.0,720.0
1476,315.0,3.0,117.0
1477,316.0,3.0,109.0
1478,317.0,3.0,6.0
1479,318.0,3.0,19.0
1480,319.0,3.0,122.0
1481,320.0,3.0,2.0
1482,321.0,3.0,48.0
1483,322.0,3.0,61.0
1484,323.0,3.0,158.0
1485,324.0,3.0,24.0
1486,325.0,3.0,14.0
1487,326.0,3.0,69.0
1488,327.0,3.0,134.0
1489,328.0,3.0,36.0
1490,329.0,3.0,0.0
1491,330.0,3.0,287.0
1492,331.0,3.0,2.0
1493,332.0,3.0,109.0
1494,333.0,3.0,950.0
1495,334.0,3.0,9.0
1496,335.0,3.0,2000.0
1497,336.0,3.0,153.0
1498,337.0,3.0,68.0
1499,338.0,3.0,1084.0
1500,339.0,3.0,39.0
1501,340.0,3.0,233.0
1502,341.0,3.0,156.0
1503,342.0,3.0,40.0
1504,343.0,3.0,576.0
1505,344.0,3.0,123.0
1506,345.0,3.0,162.0
1507,346.0,3.0,8.0
1508,347.0,3.0,110.0
1509,348.0,3.0,53.0
1510,349.0,3.0,0.0
1511,350.0,3.0,39.0
1512,351.0,3.0,15.0
1513,352.0,3.0,32.0
1514,353.0,3.0,174.0
1515,354.0,3.0,153.0
1516,355.0,3.0,13.0
1517,356.0,3.0,73.0
1518,357.0,3.0,224.0
1519,358.0,3.0,33.0
1520,359.0,3.0,6.0
1521,360.0,3.0,6.0
1522,361.0,3.0,89.0
1523,362.0,3.0,25.0
1524,363.0,3.0,1020.0
1525,364.0,3.0,30.0
1526,365.0,3.0,19.0
1527,366.0,3.0,62.0
1528,367.0,3.0,16.0
1529,368.0,3.0,229.0
1530,369.0,3.0,18.0
1531,370.0,3.0,0.0
1532,371.0,3.0,242.0
1533,372.0,3.0,0.0
1534,373.0,3.0,373.0
1535,374.0,3.0,13.0
1536,375.0,3.0,82.0
1537,376.0,3.0,52.0
1538,377.0,3.0,120.0
1539,378.0,3.0,19.0
1540,379.0,3.0,159.0
1541,380.0,3.0,55.0
1542,381.0,3.0,24.0
1543,382.0,3.0,2.0
1544,383.0,3.0,14.0
1545,384.0,3.0,29.0
1546,385.0,3.0,46.0
1547,386.0,3.0,40.0
1548,387.0,3.0,98.0
1549,388.0,3.0,15.0
1550,389.0,3.0,73.0
1551,390.0,3.0,136.0
1552,391.0,3.0,1.0
1553,392.0,3.0,46.0
1554,393.0,3.0,87.0
1555,394.0,3.0,24.0
1556,395.0,3.0,157.0
1557,396.0,3.0,194.0
1558,397.0,3.0,70.0
1559,398.0,3.0,0.0
1560,399.0,3.0,73.0
1561,400.0,3.0,91.0
1562,401.0,3.0,14.0
1563,402.0,3.0,5.0
1564,403.0,3.0,0.0
1565,404.0,3.0,0.0
1566,405.0,3.0,65.0
1567,406.0,3.0,6.0
1568,407.0,3.0,2.0
1569,408.0,3.0,40.0
1570,409.0,3.0,16.0
1571,410.0,3.0,23.0
1572,411.0,3.0,0.0
1573,412.0,3.0,443.0
1574,413.0,3.0,1941.0
1575,414.0,3.0,40.0
1576,415.0,3.0,0.0
1577,416.0,3.0,4.0
1578,417.0,3.0,7.0
1579,418.0,3.0,19.0
1580,419.0,3.0,29.0
1581,420.0,3.0,269.0
1582,421.0,3.0,24.0
1583,422.0,3.0,42.0
1584,423.0,3.0,0.0
1585,424.0,3.0,224.0
1586,425.0,3.0,28.0
1587,426.0,3.0,284.0
1588,427.0,3.0,2.0
1589,428.0,3.0,220.0
1590,429.0,3.0,337.0
1591,430.0,3.0,29.0
1592,431.0,3.0,0.0
1593,432.0,3.0,17.0
1594,433.0,3.0,63.0
1595,434.0,3.0,0.0
1596,435.0,3.0,64.0
1597,436.0,3.0,33.0
1598,437.0,3.0,3.0
1599,438.0,3.0,10.0
1600,439.0,3.0,113.0
1601,440.0,3.0,0.0
1602,441.0,3.0,26.0
1603,442.0,3.0,0.0
1604,443.0,3.0,4.0
1605,444.0,3.0,0.0
1606,445.0,3.0,0.0
1607,446.0,3.0,0.0
1608,447.0,3.0,0.0
1609,448.0,3.0,0.0
1610,449.0,3.0,0.0
1611,450.0,3.0,180.0
1612,451.0,3.0,126.0
1613,452.0,3.0,0.0
1614,453.0,3.0,78.0
1615,454.0,3.0,185.0
1616,455.0,3.0,194.0
1617,456.0,3.0,54.0
1618,457.0,3.0,19.0
1619,458.0,3.0,3.0
1620,459.0,3.0,41.0
1621,460.0,3.0,104.0
1622,461.0,3.0,12.0
1623,462.0,3.0,37.0
1624,463.0,3.0,76.0
1625,464.0,3.0,139.0
1626,465.0,3.0,20.0
1627,466.0,3.0,0.0
1628,467.0,3.0,12.0
1629,468.0,3.0,4.0
1630,469.0,3.0,83.0
1631,470.0,3.0,252.0
1632,471.0,3.0,19.0
1633,472.0,3.0,64.0
1634,473.0,3.0,27.0
1635,474.0,3.0,23.0
1636,475.0,3.0,335.0
1637,476.0,3.0,103.0
1638,477.0,3.0,31.0
1639,478.0,3.0,57.0
1640,479.0,3.0,0.0
1641,480.0,3.0,0.0
1642,481.0,3.0,117.0
1643,482.0,3.0,3.0
1644,483.0,3.0,80.0
1645,484.0,3.0,32625.0
1646,485.0,3.0,82.0
1647,486.0,3.0,62.0
1648,487.0,3.0,92.0
1649,488.0,3.0,52.0
1650,489.0,3.0,66.0
1651,490.0,3.0,6.0
1652,491.0,3.0,2.0
1653,492.0,3.0,85.0
1654,493.0,3.0,16.0
1655,494.0,3.0,338.0
1656,495.0,3.0,435.0
1657,496.0,3.0,250.0
1658,497.0,3.0,74.0
1659,498.0,3.0,17.0
1660,499.0,3.0,0.0
1661,500.0,3.0,108.0
1662,501.0,3.0,24.0
1663,502.0,3.0,0.0
1664,503.0,3.0,6.0
1665,504.0,3.0,10.0
1666,505.0,3.0,938.0
1667,506.0,3.0,19.0
1668,507.0,3.0,83.0
1669,508.0,3.0,65.0
1670,509.0,3.0,205.0
1671,510.0,3.0,5.0
1672,511.0,3.0,0.0
1673,512.0,3.0,688.0
1674,513.0,3.0,1.0
1675,514.0,3.0,8.0
1676,515.0,3.0,30.0
1677,516.0,3.0,12.0
1678,517.0,3.0,70.0
1679,518.0,3.0,0.0
1680,519.0,3.0,5.0
1681,520.0,3.0,142.0
1682,521.0,3.0,15.0
1683,522.0,3.0,849.0
1684,523.0,3.0,453.0
1685,524.0,3.0,25.0
1686,525.0,3.0,8.0
1687,526.0,3.0,54.0
1688,527.0,3.0,49.0
1689,528.0,3.0,16.0
1690,529.0,3.0,1.0
1691,530.0,3.0,61.0
1692,531.0,3.0,47.0
1693,532.0,3.0,35.0
1694,533.0,3.0,62.0
1695,534.0,3.0,31.0
1696,535.0,3.0,35.0
1697,536.0,3.0,54.0
1698,537.0,3.0,207.0
1699,538.0,3.0,33.0
1700,539.0,3.0,132.0
1701,540.0,3.0,0.0
1702,541.0,3.0,0.0
1703,542.0,3.0,43.0
1704,543.0,3.0,21.0
1705,544.0,3.0,7.0
1706,545.0,3.0,19.0
1707,546.0,3.0,71.0
1708,547.0,3.0,12.0
1709,548.0,3.0,88.0
1710,549.0,3.0,57.0
1711,550.0,3.0,25.0
1712,551.0,3.0,66.0
1713,552.0,3.0,38.0
1714,553.0,3.0,6671.0
1715,554.0,3.0,90.0
1716,555.0,3.0,78.0
1717,556.0,3.0,90.0
1718,557.0,3.0,84.0
1719,558.0,3.0,7.0
1720,559.0,3.0,28.0
1721,560.0,3.0,217.0
1722,561.0,3.0,1037.0
1723,562.0,3.0,13.0
1724,563.0,3.0,9.0
1725,564.0,3.0,13.0
1726,565.0,3.0,10.0
1727,566.0,3.0,54.0
1728,567.0,3.0,35.0
1729,568.0,3.0,26.0
1730,569.0,3.0,140.0
1731,570.0,3.0,1.0
1732,571.0,3.0,66.0
1733,572.0,3.0,90.0
1734,573.0,3.0,25.0
1735,574.0,3.0,154.0
1736,575.0,3.0,49.0
1737,576.0,3.0,59.0
1738,577.0,3.0,20.0
1739,578.0,3.0,256.0
1740,579.0,3.0,0.0
1741,580.0,3.0,13.0
1742,581.0,3.0,33.0
1743,582.0,3.0,23.0
1744,583.0,3.0,0.0
1745,584.0,3.0,27.0
1746,585.0,3.0,161.0
1747,586.0,3.0,6.0
1748,587.0,3.0,65.0
1749,588.0,3.0,25.0
1750,589.0,3.0,155.0
1751,590.0,3.0,100.0
1752,591.0,3.0,167.0
1753,592.0,3.0,71.0
1754,593.0,3.0,65.0
1755,594.0,3.0,3.0
1756,595.0,3.0,0.0
1757,596.0,3.0,0.0
1758,597.0,3.0,163.0
1759,598.0,3.0,71.0
1760,599.0,3.0,38.0
1761,600.0,3.0,9.0
1762,601.0,3.0,83.0
1763,602.0,3.0,83.0
1764,603.0,3.0,90.0
1765,604.0,3.0,59.0
1766,605.0,3.0,4.0
1767,606.0,3.0,70.0
1768,607.0,3.0,491.0
1769,608.0,3.0,21.0
1770,609.0,3.0,12.0
1771,610.0,3.0,11.0
1772,611.0,3.0,2.0
1773,612.0,3.0,0.0
1774,613.0,3.0,7.0
1775,614.0,3.0,83.0
1776,615.0,3.0,22.0
1777,616.0,3.0,3.0
1778,617.0,3.0,19.0
1779,618.0,3.0,95.0
1780,619.0,3.0,9.0
1781,620.0,3.0,10.0
1782,621.0,3.0,0.0
1783,622.0,3.0,9.0
1784,623.0,3.0,44.0
1785,624.0,3.0,8.0
1786,625.0,3.0,96.0
1787,626.0,3.0,24.0
1788,627.0,3.0,0.0
1789,628.0,3.0,114.0
1790,629.0,3.0,14.0
1791,630.0,3.0,201.0
1792,631.0,3.0,12.0
1793,632.0,3.0,31.0
1794,633.0,3.0,11.0
1795,634.0,3.0,50.0
1796,635.0,3.0,2.0
1797,636.0,3.0,159.0
1798,637.0,3.0,11.0
1799,638.0,3.0,48.0
1800,639.0,3.0,21.0
1801,640.0,3.0,21.0
1802,641.0,3.0,50.0
1803,642.0,3.0,21.0
1804,643.0,3.0,798.0
1805,644.0,3.0,9.0
1806,645.0,3.0,174.0
1807,646.0,3.0,178.0
1808,647.0,3.0,0.0
1809,648.0,3.0,8.0
1810,649.0,3.0,3.0
1811,650.0,3.0,0.0
1812,651.0,3.0,62.0
1813,652.0,3.0,18.0
1814,653.0,3.0,191.0
1815,654.0,3.0,5.0
1816,655.0,3.0,0.0
1817,656.0,3.0,85.0
1818,657.0,3.0,44.0
1819,658.0,3.0,73.0
1820,659.0,3.0,5.0
1821,660.0,3.0,1006.0
1822,661.0,3.0,37.0
1823,662.0,3.0,9.0
1824,663.0,3.0,5.0
1825,664.0,3.0,143.0
1826,665.0,3.0,0.0
1827,666.0,3.0,77.0
1828,667.0,3.0,51.0
1829,668.0,3.0,8642.0
1830,669.0,3.0,35.0
1831,670.0,3.0,65.0
1832,671.0,3.0,891.0
1833,672.0,3.0,44.0
1834,673.0,3.0,17.0
1835,674.0,3.0,199.0
1836,675.0,3.0,51.0
1837,676.0,3.0,7.0
1838,677.0,3.0,0.0
1839,678.0,3.0,39.0
1840,679.0,3.0,292.0
1841,680.0,3.0,15.0
1842,681.0,3.0,2.0
1843,682.0,3.0,405.0
1844,683.0,3.0,30.0
1845,684.0,3.0,2.0
1846,685.0,3.0,26.0
1847,686.0,3.0,544.0
1848,687.0,3.0,75.0
1849,688.0,3.0,45.0
1850,689.0,3.0,184.0
1851,690.0,3.0,532.0
1852,691.0,3.0,7.0
1853,692.0,3.0,22.0
1854,693.0,3.0,34.0
1855,694.0,3.0,4.0
1856,695.0,3.0,0.0
1857,696.0,3.0,0.0
1858,697.0,3.0,0.0
1859,698.0,3.0,20.0
1860,699.0,3.0,154.0
1861,700.0,3.0,73.0
1862,701.0,3.0,21.0
1863,702.0,3.0,754.0
1864,703.0,3.0,63.0
1865,704.0,3.0,34.0
1866,705.0,3.0,128.0
1867,706.0,3.0,20.0
1868,707.0,3.0,14.0
1869,708.0,3.0,79.0
1870,709.0,3.0,313.0
1871,710.0,3.0,91.0
1872,711.0,3.0,78.0
1873,712.0,3.0,24.0
1874,713.0,3.0,12.0
1875,714.0,3.0,6.0
1876,715.0,3.0,28.0
1877,716.0,3.0,40.0
1878,717.0,3.0,3.0
1879,718.0,3.0,43.0
1880,719.0,3.0,0.0
1881,720.0,3.0,0.0
1882,721.0,3.0,1.0
1883,722.0,3.0,0.0
1884,723.0,3.0,15.0
1885,724.0,3.0,19.0
1886,725.0,3.0,0.0
1887,726.0,3.0,43.0
1888,727.0,3.0,284.0
1889,728.0,3.0,6.0
1890,729.0,3.0,0.0
1891,730.0,3.0,51.0
1892,731.0,3.0,0.0
1893,101.0,4.0,3.0
1894,102.0,4.0,340.0
1895,103.0,4.0,8733.0
1896,104.0,4.0,311.0
1897,105.0,4.0,37.0
1898,106.0,4.0,174.0
1899,107.0,4.0,952.0
1900,108.0,4.0,253.0
1901,109.0,4.0,346.0
1902,110.0,4.0,178.0
1903,111.0,4.0,1.0
1904,112.0,4.0,113.0
1905,113.0,4.0,472.0
1906,114.0,4.0,265.0
1907,115.0,4.0,55.0
1908,116.0,4.0,136.0
1909,117.0,4.0,340.0
1910,118.0,4.0,75.0
1911,119.0,4.0,534.0
1912,120.0,4.0,79.0
1913,121.0,4.0,122.0
1914,122.0,4.0,1355.0
1915,123.0,4.0,328.0
1916,124.0,4.0,44.0
1917,125.0,4.0,0.0
1918,126.0,4.0,12.0
1919,127.0,4.0,86.0
1920,128.0,4.0,99.0
1921,129.0,4.0,97.0
1922,130.0,4.0,62.0
1923,131.0,4.0,32.0
1924,132.0,4.0,75.0
1925,133.0,4.0,156.0
1926,134.0,4.0,3827.0
1927,135.0,4.0,163.0
1928,136.0,4.0,135.0
1929,137.0,4.0,110.0
1930,138.0,4.0,67.0
1931,139.0,4.0,224.0
1932,140.0,4.0,39.0
1933,141.0,4.0,19.0
1934,142.0,4.0,103.0
1935,143.0,4.0,199.0
1936,144.0,4.0,786.0
1937,145.0,4.0,77.0
1938,146.0,4.0,19.0
1939,147.0,4.0,226.0
1940,148.0,4.0,116.0
1941,149.0,4.0,38.0
1942,150.0,4.0,34.0
1943,151.0,4.0,67.0
1944,152.0,4.0,19.0
1945,153.0,4.0,147.0
1946,154.0,4.0,121.0
1947,155.0,4.0,212.0
1948,156.0,4.0,14.0
1949,157.0,4.0,174.0
1950,158.0,4.0,628.0
1951,159.0,4.0,50.0
1952,160.0,4.0,188.0
1953,161.0,4.0,89.0
1954,162.0,4.0,254.0
1955,163.0,4.0,35.0
1956,164.0,4.0,61.0
1957,165.0,4.0,5.0
1958,166.0,4.0,180.0
1959,167.0,4.0,45.0
1960,168.0,4.0,71.0
1961,169.0,4.0,206.0
1962,170.0,4.0,169.0
1963,171.0,4.0,114.0
1964,172.0,4.0,4196.0
1965,173.0,4.0,31.0
1966,174.0,4.0,91.0
1967,175.0,4.0,119.0
1968,176.0,4.0,322.0
1969,177.0,4.0,48.0
1970,178.0,4.0,1377.0
1971,179.0,4.0,188.0
1972,180.0,4.0,140.0
1973,181.0,4.0,113.0
1974,182.0,4.0,167.0
1975,183.0,4.0,382.0
1976,184.0,4.0,146.0
1977,185.0,4.0,1322.0
1978,186.0,4.0,443.0
1979,187.0,4.0,1.0
1980,188.0,4.0,187.0
1981,189.0,4.0,228.0
1982,190.0,4.0,132.0
1983,191.0,4.0,26.0
1984,192.0,4.0,175.0
1985,193.0,4.0,24.0
1986,194.0,4.0,31.0
1987,195.0,4.0,9.0
1988,196.0,4.0,98.0
1989,197.0,4.0,306.0
1990,198.0,4.0,492.0
1991,199.0,4.0,183.0
1992,200.0,4.0,12.0
1993,201.0,4.0,96.0
1994,202.0,4.0,109.0
1995,203.0,4.0,33.0
1996,204.0,4.0,32.0
1997,205.0,4.0,61.0
1998,206.0,4.0,43.0
1999,207.0,4.0,9.0
2000,208.0,4.0,133.0
2001,209.0,4.0,147.0
2002,210.0,4.0,69.0
2003,211.0,4.0,79.0
2004,212.0,4.0,65.0
2005,213.0,4.0,46.0
2006,214.0,4.0,4247.0
2007,215.0,4.0,43528.0
2008,216.0,4.0,36.0
2009,217.0,4.0,49.0
2010,218.0,4.0,22.0
2011,219.0,4.0,78.0
2012,220.0,4.0,62.0
2013,221.0,4.0,23.0
2014,222.0,4.0,57.0
2015,223.0,4.0,797.0
2016,224.0,4.0,35.0
2017,225.0,4.0,214.0
2018,226.0,4.0,393.0
2019,227.0,4.0,235.0
2020,228.0,4.0,611.0
2021,229.0,4.0,474.0
2022,230.0,4.0,105.0
2023,231.0,4.0,23.0
2024,232.0,4.0,6.0
2025,233.0,4.0,199.0
2026,234.0,4.0,611.0
2027,235.0,4.0,93.0
2028,236.0,4.0,16.0
2029,237.0,4.0,2.0
2030,238.0,4.0,218.0
2031,239.0,4.0,467.0
2032,240.0,4.0,17.0
2033,241.0,4.0,91.0
2034,242.0,4.0,155.0
2035,243.0,4.0,458.0
2036,244.0,4.0,67516.0
2037,245.0,4.0,25.0
2038,246.0,4.0,39.0
2039,247.0,4.0,126.0
2040,248.0,4.0,10.0
2041,249.0,4.0,128.0
2042,250.0,4.0,38.0
2043,251.0,4.0,5.0
2044,252.0,4.0,114.0
2045,253.0,4.0,56.0
2046,254.0,4.0,73.0
2047,255.0,4.0,299.0
2048,256.0,4.0,61.0
2049,257.0,4.0,621.0
2050,258.0,4.0,954.0
2051,259.0,4.0,60.0
2052,260.0,4.0,333.0
2053,261.0,4.0,10.0
2054,262.0,4.0,13.0
2055,263.0,4.0,72.0
2056,264.0,4.0,6.0
2057,265.0,4.0,77.0
2058,266.0,4.0,158.0
2059,267.0,4.0,120.0
2060,268.0,4.0,0.0
2061,269.0,4.0,923.0
2062,270.0,4.0,1.0
2063,271.0,4.0,0.0
2064,272.0,4.0,10.0
2065,273.0,4.0,10.0
2066,274.0,4.0,286.0
2067,275.0,4.0,204.0
2068,276.0,4.0,85.0
2069,277.0,4.0,106.0
2070,278.0,4.0,244.0
2071,279.0,4.0,3366.0
2072,280.0,4.0,44.0
2073,281.0,4.0,127.0
2074,282.0,4.0,100.0
2075,283.0,4.0,62.0
2076,284.0,4.0,83.0
2077,285.0,4.0,45.0
2078,286.0,4.0,52.0
2079,287.0,4.0,243.0
2080,288.0,4.0,141.0
2081,289.0,4.0,31.0
2082,290.0,4.0,399.0
2083,291.0,4.0,60.0
2084,292.0,4.0,380.0
2085,293.0,4.0,48.0
2086,294.0,4.0,956.0
2087,295.0,4.0,44.0
2088,296.0,4.0,36.0
2089,297.0,4.0,0.0
2090,298.0,4.0,1847.0
2091,299.0,4.0,131.0
2092,300.0,4.0,1287.0
2093,301.0,4.0,206.0
2094,302.0,4.0,31.0
2095,303.0,4.0,75.0
2096,304.0,4.0,8.0
2097,305.0,4.0,124.0
2098,306.0,4.0,102.0
2099,307.0,4.0,57.0
2100,308.0,4.0,147.0
2101,309.0,4.0,264.0
2102,310.0,4.0,96.0
2103,311.0,4.0,12.0
2104,312.0,4.0,860.0
2105,313.0,4.0,83.0
2106,314.0,4.0,4573.0
2107,315.0,4.0,247.0
2108,316.0,4.0,134.0
2109,317.0,4.0,72.0
2110,318.0,4.0,33.0
2111,319.0,4.0,491.0
2112,320.0,4.0,27.0
2113,321.0,4.0,180.0
2114,322.0,4.0,245.0
2115,323.0,4.0,239.0
2116,324.0,4.0,143.0
2117,325.0,4.0,105.0
2118,326.0,4.0,120.0
2119,327.0,4.0,121.0
2120,328.0,4.0,192.0
2121,329.0,4.0,0.0
2122,330.0,4.0,716.0
2123,331.0,4.0,4.0
2124,332.0,4.0,58.0
2125,333.0,4.0,1663.0
2126,334.0,4.0,76.0
2127,335.0,4.0,1223.0
2128,336.0,4.0,163.0
2129,337.0,4.0,230.0
2130,338.0,4.0,1327.0
2131,339.0,4.0,35.0
2132,340.0,4.0,245.0
2133,341.0,4.0,493.0
2134,342.0,4.0,144.0
2135,343.0,4.0,2799.0
2136,344.0,4.0,427.0
2137,345.0,4.0,137.0
2138,346.0,4.0,340.0
2139,347.0,4.0,212.0
2140,348.0,4.0,162.0
2141,349.0,4.0,26.0
2142,350.0,4.0,40.0
2143,351.0,4.0,219.0
2144,352.0,4.0,157.0
2145,353.0,4.0,353.0
2146,354.0,4.0,95.0
2147,355.0,4.0,3.0
2148,356.0,4.0,164.0
2149,357.0,4.0,111.0
2150,358.0,4.0,156.0
2151,359.0,4.0,13.0
2152,360.0,4.0,96.0
2153,361.0,4.0,231.0
2154,362.0,4.0,82.0
2155,363.0,4.0,1263.0
2156,364.0,4.0,71.0
2157,365.0,4.0,86.0
2158,366.0,4.0,101.0
2159,367.0,4.0,87.0
2160,368.0,4.0,1154.0
2161,369.0,4.0,51.0
2162,370.0,4.0,45.0
2163,371.0,4.0,599.0
2164,372.0,4.0,0.0
2165,373.0,4.0,1579.0
2166,374.0,4.0,165.0
2167,375.0,4.0,185.0
2168,376.0,4.0,178.0
2169,377.0,4.0,240.0
2170,378.0,4.0,43.0
2171,379.0,4.0,789.0
2172,380.0,4.0,297.0
2173,381.0,4.0,60.0
2174,382.0,4.0,37.0
2175,383.0,4.0,80.0
2176,384.0,4.0,666.0
2177,385.0,4.0,259.0
2178,386.0,4.0,59.0
2179,387.0,4.0,175.0
2180,388.0,4.0,58.0
2181,389.0,4.0,158.0
2182,390.0,4.0,204.0
2183,391.0,4.0,18.0
2184,392.0,4.0,37.0
2185,393.0,4.0,158.0
2186,394.0,4.0,120.0
2187,395.0,4.0,147.0
2188,396.0,4.0,75.0
2189,397.0,4.0,149.0
2190,398.0,4.0,3.0
2191,399.0,4.0,79.0
2192,400.0,4.0,683.0
2193,401.0,4.0,53.0
2194,402.0,4.0,23.0
2195,403.0,4.0,8.0
2196,404.0,4.0,4.0
2197,405.0,4.0,103.0
2198,406.0,4.0,20.0
2199,407.0,4.0,44.0
2200,408.0,4.0,137.0
2201,409.0,4.0,30.0
2202,410.0,4.0,99.0
2203,411.0,4.0,11.0
2204,412.0,4.0,389.0
2205,413.0,4.0,3859.0
2206,414.0,4.0,284.0
2207,415.0,4.0,3.0
2208,416.0,4.0,80.0
2209,417.0,4.0,39.0
2210,418.0,4.0,262.0
2211,419.0,4.0,26.0
2212,420.0,4.0,202.0
2213,421.0,4.0,176.0
2214,422.0,4.0,196.0
2215,423.0,4.0,0.0
2216,424.0,4.0,997.0
2217,425.0,4.0,112.0
2218,426.0,4.0,536.0
2219,427.0,4.0,3.0
2220,428.0,4.0,268.0
2221,429.0,4.0,1232.0
2222,430.0,4.0,94.0
2223,431.0,4.0,0.0
2224,432.0,4.0,113.0
2225,433.0,4.0,93.0
2226,434.0,4.0,2.0
2227,435.0,4.0,47.0
2228,436.0,4.0,90.0
2229,437.0,4.0,5.0
2230,438.0,4.0,44.0
2231,439.0,4.0,206.0
2232,440.0,4.0,8.0
2233,441.0,4.0,230.0
2234,442.0,4.0,1.0
2235,443.0,4.0,53.0
2236,444.0,4.0,3.0
2237,445.0,4.0,4.0
2238,446.0,4.0,2.0
2239,447.0,4.0,3.0
2240,448.0,4.0,1.0
2241,449.0,4.0,0.0
2242,450.0,4.0,752.0
2243,451.0,4.0,651.0
2244,452.0,4.0,47.0
2245,453.0,4.0,123.0
2246,454.0,4.0,266.0
2247,455.0,4.0,2279.0
2248,456.0,4.0,107.0
2249,457.0,4.0,69.0
2250,458.0,4.0,9.0
2251,459.0,4.0,220.0
2252,460.0,4.0,22.0
2253,461.0,4.0,47.0
2254,462.0,4.0,213.0
2255,463.0,4.0,401.0
2256,464.0,4.0,507.0
2257,465.0,4.0,76.0
2258,466.0,4.0,20.0
2259,467.0,4.0,18.0
2260,468.0,4.0,2.0
2261,469.0,4.0,23.0
2262,470.0,4.0,146.0
2263,471.0,4.0,16.0
2264,472.0,4.0,270.0
2265,473.0,4.0,104.0
2266,474.0,4.0,185.0
2267,475.0,4.0,570.0
2268,476.0,4.0,162.0
2269,477.0,4.0,57.0
2270,478.0,4.0,40.0
2271,479.0,4.0,1.0
2272,480.0,4.0,63.0
2273,481.0,4.0,226.0
2274,482.0,4.0,18.0
2275,483.0,4.0,315.0
2276,484.0,4.0,37972.0
2277,485.0,4.0,39.0
2278,486.0,4.0,207.0
2279,487.0,4.0,142.0
2280,488.0,4.0,207.0
2281,489.0,4.0,247.0
2282,490.0,4.0,174.0
2283,491.0,4.0,40.0
2284,492.0,4.0,228.0
2285,493.0,4.0,194.0
2286,494.0,4.0,183.0
2287,495.0,4.0,894.0
2288,496.0,4.0,214.0
2289,497.0,4.0,126.0
2290,498.0,4.0,21.0
2291,499.0,4.0,11.0
2292,500.0,4.0,233.0
2293,501.0,4.0,140.0
2294,502.0,4.0,11.0
2295,503.0,4.0,72.0
2296,504.0,4.0,21.0
2297,505.0,4.0,3091.0
2298,506.0,4.0,72.0
2299,507.0,4.0,219.0
2300,508.0,4.0,79.0
2301,509.0,4.0,238.0
2302,510.0,4.0,75.0
2303,511.0,4.0,9.0
2304,512.0,4.0,2198.0
2305,513.0,4.0,0.0
2306,514.0,4.0,18.0
2307,515.0,4.0,52.0
2308,516.0,4.0,122.0
2309,517.0,4.0,142.0
2310,518.0,4.0,1.0
2311,519.0,4.0,26.0
2312,520.0,4.0,374.0
2313,521.0,4.0,35.0
2314,522.0,4.0,4840.0
2315,523.0,4.0,628.0
2316,524.0,4.0,259.0
2317,525.0,4.0,86.0
2318,526.0,4.0,90.0
2319,527.0,4.0,132.0
2320,528.0,4.0,18.0
2321,529.0,4.0,47.0
2322,530.0,4.0,36.0
2323,531.0,4.0,87.0
2324,532.0,4.0,341.0
2325,533.0,4.0,127.0
2326,534.0,4.0,241.0
2327,535.0,4.0,157.0
2328,536.0,4.0,211.0
2329,537.0,4.0,484.0
2330,538.0,4.0,108.0
2331,539.0,4.0,17.0
2332,540.0,4.0,165.0
2333,541.0,4.0,2.0
2334,542.0,4.0,89.0
2335,543.0,4.0,44.0
2336,544.0,4.0,9.0
2337,545.0,4.0,291.0
2338,546.0,4.0,35.0
2339,547.0,4.0,2.0
2340,548.0,4.0,193.0
2341,549.0,4.0,596.0
2342,550.0,4.0,148.0
2343,551.0,4.0,411.0
2344,552.0,4.0,85.0
2345,553.0,4.0,14408.0
2346,554.0,4.0,80.0
2347,555.0,4.0,233.0
2348,556.0,4.0,165.0
2349,557.0,4.0,212.0
2350,558.0,4.0,83.0
2351,559.0,4.0,63.0
2352,560.0,4.0,271.0
2353,561.0,4.0,3146.0
2354,562.0,4.0,108.0
2355,563.0,4.0,309.0
2356,564.0,4.0,42.0
2357,565.0,4.0,84.0
2358,566.0,4.0,157.0
2359,567.0,4.0,238.0
2360,568.0,4.0,83.0
2361,569.0,4.0,104.0
2362,570.0,4.0,161.0
2363,571.0,4.0,755.0
2364,572.0,4.0,131.0
2365,573.0,4.0,96.0
2366,574.0,4.0,184.0
2367,575.0,4.0,92.0
2368,576.0,4.0,656.0
2369,577.0,4.0,123.0
2370,578.0,4.0,331.0
2371,579.0,4.0,39.0
2372,580.0,4.0,31.0
2373,581.0,4.0,23.0
2374,582.0,4.0,273.0
2375,583.0,4.0,1.0
2376,584.0,4.0,542.0
2377,585.0,4.0,136.0
2378,586.0,4.0,60.0
2379,587.0,4.0,38.0
2380,588.0,4.0,154.0
2381,589.0,4.0,369.0
2382,590.0,4.0,71.0
2383,591.0,4.0,193.0
2384,592.0,4.0,143.0
2385,593.0,4.0,110.0
2386,594.0,4.0,9.0
2387,595.0,4.0,18.0
2388,596.0,4.0,3.0
2389,597.0,4.0,585.0
2390,598.0,4.0,291.0
2391,599.0,4.0,103.0
2392,600.0,4.0,45.0
2393,601.0,4.0,241.0
2394,602.0,4.0,264.0
2395,603.0,4.0,394.0
2396,604.0,4.0,152.0
2397,605.0,4.0,74.0
2398,606.0,4.0,136.0
2399,607.0,4.0,553.0
2400,608.0,4.0,13.0
2401,609.0,4.0,85.0
2402,610.0,4.0,4.0
2403,611.0,4.0,12.0
2404,612.0,4.0,3.0
2405,613.0,4.0,12.0
2406,614.0,4.0,35.0
2407,615.0,4.0,106.0
2408,616.0,4.0,53.0
2409,617.0,4.0,105.0
2410,618.0,4.0,57.0
2411,619.0,4.0,82.0
2412,620.0,4.0,62.0
2413,621.0,4.0,0.0
2414,622.0,4.0,31.0
2415,623.0,4.0,129.0
2416,624.0,4.0,26.0
2417,625.0,4.0,600.0
2418,626.0,4.0,30.0
2419,627.0,4.0,0.0
2420,628.0,4.0,142.0
2421,629.0,4.0,6.0
2422,630.0,4.0,349.0
2423,631.0,4.0,339.0
2424,632.0,4.0,186.0
2425,633.0,4.0,5.0
2426,634.0,4.0,512.0
2427,635.0,4.0,34.0
2428,636.0,4.0,332.0
2429,637.0,4.0,93.0
2430,638.0,4.0,88.0
2431,639.0,4.0,22.0
2432,640.0,4.0,208.0
2433,641.0,4.0,339.0
2434,642.0,4.0,79.0
2435,643.0,4.0,1754.0
2436,644.0,4.0,33.0
2437,645.0,4.0,1009.0
2438,646.0,4.0,903.0
2439,647.0,4.0,0.0
2440,648.0,4.0,126.0
2441,649.0,4.0,4.0
2442,650.0,4.0,0.0
2443,651.0,4.0,61.0
2444,652.0,4.0,40.0
2445,653.0,4.0,658.0
2446,654.0,4.0,31.0
2447,655.0,4.0,5.0
2448,656.0,4.0,111.0
2449,657.0,4.0,139.0
2450,658.0,4.0,177.0
2451,659.0,4.0,16.0
2452,660.0,4.0,3209.0
2453,661.0,4.0,104.0
2454,662.0,4.0,44.0
2455,663.0,4.0,2.0
2456,664.0,4.0,37.0
2457,665.0,4.0,2.0
2458,666.0,4.0,339.0
2459,667.0,4.0,261.0
2460,668.0,4.0,28045.0
2461,669.0,4.0,359.0
2462,670.0,4.0,593.0
2463,671.0,4.0,2883.0
2464,672.0,4.0,150.0
2465,673.0,4.0,408.0
2466,674.0,4.0,717.0
2467,675.0,4.0,339.0
2468,676.0,4.0,33.0
2469,677.0,4.0,3.0
2470,678.0,4.0,592.0
2471,679.0,4.0,439.0
2472,680.0,4.0,139.0
2473,681.0,4.0,66.0
2474,682.0,4.0,1408.0
2475,683.0,4.0,37.0
2476,684.0,4.0,28.0
2477,685.0,4.0,63.0
2478,686.0,4.0,151.0
2479,687.0,4.0,177.0
2480,688.0,4.0,214.0
2481,689.0,4.0,1019.0
2482,690.0,4.0,189.0
2483,691.0,4.0,3.0
2484,692.0,4.0,70.0
2485,693.0,4.0,135.0
2486,694.0,4.0,67.0
2487,695.0,4.0,0.0
2488,696.0,4.0,1.0
2489,697.0,4.0,0.0
2490,698.0,4.0,31.0
2491,699.0,4.0,146.0
2492,700.0,4.0,169.0
2493,701.0,4.0,45.0
2494,702.0,4.0,1224.0
2495,703.0,4.0,122.0
2496,704.0,4.0,111.0
2497,705.0,4.0,310.0
2498,706.0,4.0,1265.0
2499,707.0,4.0,18.0
2500,708.0,4.0,277.0
2501,709.0,4.0,548.0
2502,710.0,4.0,370.0
2503,711.0,4.0,441.0
2504,712.0,4.0,135.0
2505,713.0,4.0,7.0
2506,714.0,4.0,94.0
2507,715.0,4.0,64.0
2508,716.0,4.0,154.0
2509,717.0,4.0,3.0
2510,718.0,4.0,896.0
2511,719.0,4.0,5.0
2512,720.0,4.0,19.0
2513,721.0,4.0,0.0
2514,722.0,4.0,2.0
2515,723.0,4.0,43.0
2516,724.0,4.0,139.0
2517,725.0,4.0,10.0
2518,726.0,4.0,824.0
2519,727.0,4.0,657.0
2520,728.0,4.0,92.0
2521,729.0,4.0,2.0
2522,730.0,4.0,155.0
2523,731.0,4.0,5.0
2524,101.0,5.0,69.0
2525,102.0,5.0,571.0
2526,103.0,5.0,5604.0
2527,104.0,5.0,4309.0
2528,105.0,5.0,190.0
2529,106.0,5.0,1422.0
2530,107.0,5.0,1057.0
2531,108.0,5.0,1424.0
2532,109.0,5.0,891.0
2533,110.0,5.0,165.0
2534,111.0,5.0,162.0
2535,112.0,5.0,126.0
2536,113.0,5.0,3372.0
2537,114.0,5.0,1224.0
2538,115.0,5.0,133.0
2539,116.0,5.0,180.0
2540,117.0,5.0,1468.0
2541,118.0,5.0,370.0
2542,119.0,5.0,952.0
2543,120.0,5.0,463.0
2544,121.0,5.0,251.0
2545,122.0,5.0,13128.0
2546,123.0,5.0,633.0
2547,124.0,5.0,261.0
2548,125.0,5.0,4.0
2549,126.0,5.0,43.0
2550,127.0,5.0,493.0
2551,128.0,5.0,99.0
2552,129.0,5.0,456.0
2553,130.0,5.0,429.0
2554,131.0,5.0,43.0
2555,132.0,5.0,263.0
2556,133.0,5.0,710.0
2557,134.0,5.0,8568.0
2558,135.0,5.0,918.0
2559,136.0,5.0,734.0
2560,137.0,5.0,1491.0
2561,138.0,5.0,19.0
2562,139.0,5.0,357.0
2563,140.0,5.0,386.0
2564,141.0,5.0,104.0
2565,142.0,5.0,242.0
2566,143.0,5.0,620.0
2567,144.0,5.0,5569.0
2568,145.0,5.0,1596.0
2569,146.0,5.0,45.0
2570,147.0,5.0,143.0
2571,148.0,5.0,63.0
2572,149.0,5.0,194.0
2573,150.0,5.0,78.0
2574,151.0,5.0,540.0
2575,152.0,5.0,274.0
2576,153.0,5.0,439.0
2577,154.0,5.0,383.0
2578,155.0,5.0,484.0
2579,156.0,5.0,108.0
2580,157.0,5.0,815.0
2581,158.0,5.0,1041.0
2582,159.0,5.0,73.0
2583,160.0,5.0,2092.0
2584,161.0,5.0,315.0
2585,162.0,5.0,1019.0
2586,163.0,5.0,164.0
2587,164.0,5.0,546.0
2588,165.0,5.0,189.0
2589,166.0,5.0,557.0
2590,167.0,5.0,257.0
2591,168.0,5.0,639.0
2592,169.0,5.0,1258.0
2593,170.0,5.0,2902.0
2594,171.0,5.0,2127.0
2595,172.0,5.0,50989.0
2596,173.0,5.0,170.0
2597,174.0,5.0,462.0
2598,175.0,5.0,374.0
2599,176.0,5.0,2054.0
2600,177.0,5.0,165.0
2601,178.0,5.0,941.0
2602,179.0,5.0,649.0
2603,180.0,5.0,1119.0
2604,181.0,5.0,382.0
2605,182.0,5.0,232.0
2606,183.0,5.0,365.0
2607,184.0,5.0,1342.0
2608,185.0,5.0,3524.0
2609,186.0,5.0,1604.0
2610,187.0,5.0,74.0
2611,188.0,5.0,416.0
2612,189.0,5.0,1649.0
2613,190.0,5.0,472.0
2614,191.0,5.0,44.0
2615,192.0,5.0,280.0
2616,193.0,5.0,223.0
2617,194.0,5.0,143.0
2618,195.0,5.0,95.0
2619,196.0,5.0,292.0
2620,197.0,5.0,861.0
2621,198.0,5.0,743.0
2622,199.0,5.0,1038.0
2623,200.0,5.0,122.0
2624,201.0,5.0,80.0
2625,202.0,5.0,795.0
2626,203.0,5.0,636.0
2627,204.0,5.0,53.0
2628,205.0,5.0,18.0
2629,206.0,5.0,64.0
2630,207.0,5.0,4.0
2631,208.0,5.0,756.0
2632,209.0,5.0,611.0
2633,210.0,5.0,336.0
2634,211.0,5.0,154.0
2635,212.0,5.0,77.0
2636,213.0,5.0,312.0
2637,214.0,5.0,9115.0
2638,215.0,5.0,41467.0
2639,216.0,5.0,282.0
2640,217.0,5.0,110.0
2641,218.0,5.0,98.0
2642,219.0,5.0,1554.0
2643,220.0,5.0,913.0
2644,221.0,5.0,590.0
2645,222.0,5.0,142.0
2646,223.0,5.0,9324.0
2647,224.0,5.0,62.0
2648,225.0,5.0,350.0
2649,226.0,5.0,4283.0
2650,227.0,5.0,406.0
2651,228.0,5.0,2015.0
2652,229.0,5.0,1497.0
2653,230.0,5.0,409.0
2654,231.0,5.0,509.0
2655,232.0,5.0,128.0
2656,233.0,5.0,941.0
2657,234.0,5.0,4967.0
2658,235.0,5.0,460.0
2659,236.0,5.0,153.0
2660,237.0,5.0,14.0
2661,238.0,5.0,531.0
2662,239.0,5.0,1678.0
2663,240.0,5.0,189.0
2664,241.0,5.0,167.0
2665,242.0,5.0,1792.0
2666,243.0,5.0,967.0
2667,244.0,5.0,48238.0
2668,245.0,5.0,37.0
2669,246.0,5.0,280.0
2670,247.0,5.0,908.0
2671,248.0,5.0,24.0
2672,249.0,5.0,212.0
2673,250.0,5.0,409.0
2674,251.0,5.0,32.0
2675,252.0,5.0,361.0
2676,253.0,5.0,217.0
2677,254.0,5.0,680.0
2678,255.0,5.0,3746.0
2679,256.0,5.0,216.0
2680,257.0,5.0,546.0
2681,258.0,5.0,1967.0
2682,259.0,5.0,517.0
2683,260.0,5.0,2340.0
2684,261.0,5.0,8.0
2685,262.0,5.0,67.0
2686,263.0,5.0,192.0
2687,264.0,5.0,103.0
2688,265.0,5.0,156.0
2689,266.0,5.0,540.0
2690,267.0,5.0,1005.0
2691,268.0,5.0,1.0
2692,269.0,5.0,19266.0
2693,270.0,5.0,16.0
2694,271.0,5.0,37.0
2695,272.0,5.0,619.0
2696,273.0,5.0,61.0
2697,274.0,5.0,1525.0
2698,275.0,5.0,1612.0
2699,276.0,5.0,567.0
2700,277.0,5.0,199.0
2701,278.0,5.0,399.0
2702,279.0,5.0,4922.0
2703,280.0,5.0,186.0
2704,281.0,5.0,302.0
2705,282.0,5.0,207.0
2706,283.0,5.0,228.0
2707,284.0,5.0,350.0
2708,285.0,5.0,175.0
2709,286.0,5.0,314.0
2710,287.0,5.0,206.0
2711,288.0,5.0,1205.0
2712,289.0,5.0,203.0
2713,290.0,5.0,967.0
2714,291.0,5.0,319.0
2715,292.0,5.0,829.0
2716,293.0,5.0,175.0
2717,294.0,5.0,8994.0
2718,295.0,5.0,341.0
2719,296.0,5.0,55.0
2720,297.0,5.0,27.0
2721,298.0,5.0,2899.0
2722,299.0,5.0,1873.0
2723,300.0,5.0,3322.0
2724,301.0,5.0,810.0
2725,302.0,5.0,294.0
2726,303.0,5.0,490.0
2727,304.0,5.0,125.0
2728,305.0,5.0,660.0
2729,306.0,5.0,526.0
2730,307.0,5.0,165.0
2731,308.0,5.0,690.0
2732,309.0,5.0,1766.0
2733,310.0,5.0,224.0
2734,311.0,5.0,58.0
2735,312.0,5.0,13319.0
2736,313.0,5.0,285.0
2737,314.0,5.0,3720.0
2738,315.0,5.0,1882.0
2739,316.0,5.0,61.0
2740,317.0,5.0,226.0
2741,318.0,5.0,144.0
2742,319.0,5.0,607.0
2743,320.0,5.0,168.0
2744,321.0,5.0,849.0
2745,322.0,5.0,1103.0
2746,323.0,5.0,1738.0
2747,324.0,5.0,93.0
2748,325.0,5.0,872.0
2749,326.0,5.0,423.0
2750,327.0,5.0,280.0
2751,328.0,5.0,707.0
2752,329.0,5.0,0.0
2753,330.0,5.0,2396.0
2754,331.0,5.0,160.0
2755,332.0,5.0,354.0
2756,333.0,5.0,5058.0
2757,334.0,5.0,695.0
2758,335.0,5.0,2619.0
2759,336.0,5.0,791.0
2760,337.0,5.0,412.0
2761,338.0,5.0,2100.0
2762,339.0,5.0,79.0
2763,340.0,5.0,730.0
2764,341.0,5.0,1511.0
2765,342.0,5.0,230.0
2766,343.0,5.0,7411.0
2767,344.0,5.0,1388.0
2768,345.0,5.0,817.0
2769,346.0,5.0,961.0
2770,347.0,5.0,722.0
2771,348.0,5.0,507.0
2772,349.0,5.0,57.0
2773,350.0,5.0,755.0
2774,351.0,5.0,214.0
2775,352.0,5.0,36.0
2776,353.0,5.0,1389.0
2777,354.0,5.0,628.0
2778,355.0,5.0,119.0
2779,356.0,5.0,557.0
2780,357.0,5.0,178.0
2781,358.0,5.0,2082.0
2782,359.0,5.0,9.0
2783,360.0,5.0,207.0
2784,361.0,5.0,251.0
2785,362.0,5.0,176.0
2786,363.0,5.0,4058.0
2787,364.0,5.0,768.0
2788,365.0,5.0,98.0
2789,366.0,5.0,317.0
2790,367.0,5.0,148.0
2791,368.0,5.0,3874.0
2792,369.0,5.0,136.0
2793,370.0,5.0,37.0
2794,371.0,5.0,2895.0
2795,372.0,5.0,1.0
2796,373.0,5.0,7117.0
2797,374.0,5.0,349.0
2798,375.0,5.0,188.0
2799,376.0,5.0,612.0
2800,377.0,5.0,910.0
2801,378.0,5.0,196.0
2802,379.0,5.0,3860.0
2803,380.0,5.0,4325.0
2804,381.0,5.0,159.0
2805,382.0,5.0,146.0
2806,383.0,5.0,254.0
2807,384.0,5.0,91.0
2808,385.0,5.0,746.0
2809,386.0,5.0,356.0
2810,387.0,5.0,1191.0
2811,388.0,5.0,335.0
2812,389.0,5.0,290.0
2813,390.0,5.0,742.0
2814,391.0,5.0,128.0
2815,392.0,5.0,248.0
2816,393.0,5.0,230.0
2817,394.0,5.0,612.0
2818,395.0,5.0,790.0
2819,396.0,5.0,316.0
2820,397.0,5.0,451.0
2821,398.0,5.0,0.0
2822,399.0,5.0,427.0
2823,400.0,5.0,3379.0
2824,401.0,5.0,325.0
2825,402.0,5.0,54.0
2826,403.0,5.0,37.0
2827,404.0,5.0,0.0
2828,405.0,5.0,560.0
2829,406.0,5.0,110.0
2830,407.0,5.0,369.0
2831,408.0,5.0,389.0
2832,409.0,5.0,356.0
2833,410.0,5.0,1203.0
2834,411.0,5.0,2.0
2835,412.0,5.0,4214.0
2836,413.0,5.0,15655.0
2837,414.0,5.0,1402.0
2838,415.0,5.0,98.0
2839,416.0,5.0,994.0
2840,417.0,5.0,724.0
2841,418.0,5.0,100.0
2842,419.0,5.0,62.0
2843,420.0,5.0,1018.0
2844,421.0,5.0,977.0
2845,422.0,5.0,1202.0
2846,423.0,5.0,0.0
2847,424.0,5.0,5376.0
2848,425.0,5.0,828.0
2849,426.0,5.0,673.0
2850,427.0,5.0,30.0
2851,428.0,5.0,557.0
2852,429.0,5.0,14892.0
2853,430.0,5.0,298.0
2854,431.0,5.0,0.0
2855,432.0,5.0,554.0
2856,433.0,5.0,364.0
2857,434.0,5.0,2.0
2858,435.0,5.0,328.0
2859,436.0,5.0,640.0
2860,437.0,5.0,345.0
2861,438.0,5.0,214.0
2862,439.0,5.0,1736.0
2863,440.0,5.0,14.0
2864,441.0,5.0,340.0
2865,442.0,5.0,11.0
2866,443.0,5.0,193.0
2867,444.0,5.0,19.0
2868,445.0,5.0,8.0
2869,446.0,5.0,3.0
2870,447.0,5.0,18.0
2871,448.0,5.0,20.0
2872,449.0,5.0,36.0
2873,450.0,5.0,7040.0
2874,451.0,5.0,2371.0
2875,452.0,5.0,25.0
2876,453.0,5.0,491.0
2877,454.0,5.0,641.0
2878,455.0,5.0,8452.0
2879,456.0,5.0,535.0
2880,457.0,5.0,46.0
2881,458.0,5.0,10.0
2882,459.0,5.0,561.0
2883,460.0,5.0,203.0
2884,461.0,5.0,212.0
2885,462.0,5.0,443.0
2886,463.0,5.0,1558.0
2887,464.0,5.0,1641.0
2888,465.0,5.0,440.0
2889,466.0,5.0,1.0
2890,467.0,5.0,135.0
2891,468.0,5.0,17.0
2892,469.0,5.0,293.0
2893,470.0,5.0,1149.0
2894,471.0,5.0,64.0
2895,472.0,5.0,531.0
2896,473.0,5.0,380.0
2897,474.0,5.0,444.0
2898,475.0,5.0,1245.0
2899,476.0,5.0,578.0
2900,477.0,5.0,637.0
2901,478.0,5.0,225.0
2902,479.0,5.0,17.0
2903,480.0,5.0,110.0
2904,481.0,5.0,1338.0
2905,482.0,5.0,257.0
2906,483.0,5.0,1165.0
2907,484.0,5.0,36626.0
2908,485.0,5.0,51.0
2909,486.0,5.0,699.0
2910,487.0,5.0,578.0
2911,488.0,5.0,539.0
2912,489.0,5.0,1810.0
2913,490.0,5.0,3949.0
2914,491.0,5.0,227.0
2915,492.0,5.0,697.0
2916,493.0,5.0,481.0
2917,494.0,5.0,793.0
2918,495.0,5.0,3367.0
2919,496.0,5.0,630.0
2920,497.0,5.0,1909.0
2921,498.0,5.0,595.0
2922,499.0,5.0,76.0
2923,500.0,5.0,1351.0
2924,501.0,5.0,454.0
2925,502.0,5.0,159.0
2926,503.0,5.0,233.0
2927,504.0,5.0,134.0
2928,505.0,5.0,10524.0
2929,506.0,5.0,454.0
2930,507.0,5.0,1025.0
2931,508.0,5.0,479.0
2932,509.0,5.0,263.0
2933,510.0,5.0,677.0
2934,511.0,5.0,37.0
2935,512.0,5.0,12198.0
2936,513.0,5.0,1.0
2937,514.0,5.0,385.0
2938,515.0,5.0,56.0
2939,516.0,5.0,351.0
2940,517.0,5.0,756.0
2941,518.0,5.0,0.0
2942,519.0,5.0,207.0
2943,520.0,5.0,1182.0
2944,521.0,5.0,372.0
2945,522.0,5.0,9761.0
2946,523.0,5.0,1554.0
2947,524.0,5.0,599.0
2948,525.0,5.0,449.0
2949,526.0,5.0,305.0
2950,527.0,5.0,859.0
2951,528.0,5.0,57.0
2952,529.0,5.0,785.0
2953,530.0,5.0,544.0
2954,531.0,5.0,667.0
2955,532.0,5.0,807.0
2956,533.0,5.0,391.0
2957,534.0,5.0,1153.0
2958,535.0,5.0,184.0
2959,536.0,5.0,1390.0
2960,537.0,5.0,8029.0
2961,538.0,5.0,68.0
2962,539.0,5.0,319.0
2963,540.0,5.0,166.0
2964,541.0,5.0,27.0
2965,542.0,5.0,563.0
2966,543.0,5.0,78.0
2967,544.0,5.0,54.0
2968,545.0,5.0,4797.0
2969,546.0,5.0,298.0
2970,547.0,5.0,160.0
2971,548.0,5.0,2101.0
2972,549.0,5.0,2459.0
2973,550.0,5.0,1993.0
2974,551.0,5.0,996.0
2975,552.0,5.0,87.0
2976,553.0,5.0,66904.0
2977,554.0,5.0,689.0
2978,555.0,5.0,1185.0
2979,556.0,5.0,497.0
2980,557.0,5.0,888.0
2981,558.0,5.0,151.0
2982,559.0,5.0,426.0
2983,560.0,5.0,1785.0
2984,561.0,5.0,12284.0
2985,562.0,5.0,98.0
2986,563.0,5.0,2623.0
2987,564.0,5.0,225.0
2988,565.0,5.0,207.0
2989,566.0,5.0,1535.0
2990,567.0,5.0,438.0
2991,568.0,5.0,557.0
2992,569.0,5.0,388.0
2993,570.0,5.0,886.0
2994,571.0,5.0,2416.0
2995,572.0,5.0,313.0
2996,573.0,5.0,272.0
2997,574.0,5.0,653.0
2998,575.0,5.0,1900.0
2999,576.0,5.0,4376.0
3000,577.0,5.0,258.0
3001,578.0,5.0,1105.0
3002,579.0,5.0,694.0
3003,580.0,5.0,101.0
3004,581.0,5.0,273.0
3005,582.0,5.0,1413.0
3006,583.0,5.0,88.0
3007,584.0,5.0,921.0
3008,585.0,5.0,1739.0
3009,586.0,5.0,10.0
3010,587.0,5.0,145.0
3011,588.0,5.0,576.0
3012,589.0,5.0,6708.0
3013,590.0,5.0,257.0
3014,591.0,5.0,302.0
3015,592.0,5.0,636.0
3016,593.0,5.0,508.0
3017,594.0,5.0,167.0
3018,595.0,5.0,8.0
3019,596.0,5.0,0.0
3020,597.0,5.0,2842.0
3021,598.0,5.0,859.0
3022,599.0,5.0,280.0
3023,600.0,5.0,344.0
3024,601.0,5.0,639.0
3025,602.0,5.0,1969.0
3026,603.0,5.0,566.0
3027,604.0,5.0,718.0
3028,605.0,5.0,155.0
3029,606.0,5.0,1398.0
3030,607.0,5.0,2796.0
3031,608.0,5.0,152.0
3032,609.0,5.0,92.0
3033,610.0,5.0,249.0
3034,611.0,5.0,28.0
3035,612.0,5.0,4.0
3036,613.0,5.0,55.0
3037,614.0,5.0,172.0
3038,615.0,5.0,856.0
3039,616.0,5.0,230.0
3040,617.0,5.0,289.0
3041,618.0,5.0,404.0
3042,619.0,5.0,208.0
3043,620.0,5.0,171.0
3044,621.0,5.0,2.0
3045,622.0,5.0,125.0
3046,623.0,5.0,1550.0
3047,624.0,5.0,251.0
3048,625.0,5.0,662.0
3049,626.0,5.0,102.0
3050,627.0,5.0,3.0
3051,628.0,5.0,560.0
3052,629.0,5.0,67.0
3053,630.0,5.0,507.0
3054,631.0,5.0,166.0
3055,632.0,5.0,149.0
3056,633.0,5.0,73.0
3057,634.0,5.0,561.0
3058,635.0,5.0,292.0
3059,636.0,5.0,388.0
3060,637.0,5.0,263.0
3061,638.0,5.0,336.0
3062,639.0,5.0,449.0
3063,640.0,5.0,2124.0
3064,641.0,5.0,1079.0
3065,642.0,5.0,545.0
3066,643.0,5.0,6478.0
3067,644.0,5.0,505.0
3068,645.0,5.0,1690.0
3069,646.0,5.0,4089.0
3070,647.0,5.0,5.0
3071,648.0,5.0,208.0
3072,649.0,5.0,1.0
3073,650.0,5.0,0.0
3074,651.0,5.0,108.0
3075,652.0,5.0,6507.0
3076,653.0,5.0,3848.0
3077,654.0,5.0,55.0
3078,655.0,5.0,72.0
3079,656.0,5.0,509.0
3080,657.0,5.0,1180.0
3081,658.0,5.0,675.0
3082,659.0,5.0,38.0
3083,660.0,5.0,8240.0
3084,661.0,5.0,634.0
3085,662.0,5.0,174.0
3086,663.0,5.0,144.0
3087,664.0,5.0,165.0
3088,665.0,5.0,38.0
3089,666.0,5.0,101.0
3090,667.0,5.0,1685.0
3091,668.0,5.0,55712.0
3092,669.0,5.0,2300.0
3093,670.0,5.0,4326.0
3094,671.0,5.0,10006.0
3095,672.0,5.0,4281.0
3096,673.0,5.0,1238.0
3097,674.0,5.0,6164.0
3098,675.0,5.0,1054.0
3099,676.0,5.0,264.0
3100,677.0,5.0,47.0
3101,678.0,5.0,3464.0
3102,679.0,5.0,4416.0
3103,680.0,5.0,974.0
3104,681.0,5.0,693.0
3105,682.0,5.0,4228.0
3106,683.0,5.0,73.0
3107,684.0,5.0,21.0
3108,685.0,5.0,1514.0
3109,686.0,5.0,601.0
3110,687.0,5.0,993.0
3111,688.0,5.0,181.0
3112,689.0,5.0,3149.0
3113,690.0,5.0,315.0
3114,691.0,5.0,35.0
3115,692.0,5.0,99.0
3116,693.0,5.0,603.0
3117,694.0,5.0,60.0
3118,695.0,5.0,0.0
3119,696.0,5.0,23.0
3120,697.0,5.0,4.0
3121,698.0,5.0,174.0
3122,699.0,5.0,857.0
3123,700.0,5.0,1859.0
3124,701.0,5.0,125.0
3125,702.0,5.0,2385.0
3126,703.0,5.0,1113.0
3127,704.0,5.0,494.0
3128,705.0,5.0,2286.0
3129,706.0,5.0,4567.0
3130,707.0,5.0,256.0
3131,708.0,5.0,2491.0
3132,709.0,5.0,2849.0
3133,710.0,5.0,7372.0
3134,711.0,5.0,10223.0
3135,712.0,5.0,4045.0
3136,713.0,5.0,177.0
3137,714.0,5.0,489.0
3138,715.0,5.0,530.0
3139,716.0,5.0,1194.0
3140,717.0,5.0,24.0
3141,718.0,5.0,11315.0
3142,719.0,5.0,14.0
3143,720.0,5.0,23.0
3144,721.0,5.0,3.0
3145,722.0,5.0,30.0
3146,723.0,5.0,271.0
3147,724.0,5.0,995.0
3148,725.0,5.0,8.0
3149,726.0,5.0,6936.0
3150,727.0,5.0,1406.0
3151,728.0,5.0,164.0
3152,729.0,5.0,143.0
3153,730.0,5.0,658.0
3154,731.0,5.0,9.0
3155,101.0,6.0,111.0
3156,102.0,6.0,1096.0
3157,103.0,6.0,5002.0
3158,104.0,6.0,15627.0
3159,105.0,6.0,362.0
3160,106.0,6.0,2223.0
3161,107.0,6.0,1276.0
3162,108.0,6.0,4046.0
3163,109.0,6.0,2915.0
3164,110.0,6.0,1710.0
3165,111.0,6.0,420.0
3166,112.0,6.0,262.0
3167,113.0,6.0,3778.0
3168,114.0,6.0,2299.0
3169,115.0,6.0,597.0
3170,116.0,6.0,757.0
3171,117.0,6.0,3153.0
3172,118.0,6.0,832.0
3173,119.0,6.0,2175.0
3174,120.0,6.0,1058.0
3175,121.0,6.0,318.0
3176,122.0,6.0,26429.0
3177,123.0,6.0,1033.0
3178,124.0,6.0,521.0
3179,125.0,6.0,43.0
3180,126.0,6.0,337.0
3181,127.0,6.0,2368.0
3182,128.0,6.0,117.0
3183,129.0,6.0,1828.0
3184,130.0,6.0,784.0
3185,131.0,6.0,130.0
3186,132.0,6.0,793.0
3187,133.0,6.0,1752.0
3188,134.0,6.0,9213.0
3189,135.0,6.0,2133.0
3190,136.0,6.0,2205.0
3191,137.0,6.0,4535.0
3192,138.0,6.0,172.0
3193,139.0,6.0,274.0
3194,140.0,6.0,1572.0
3195,141.0,6.0,158.0
3196,142.0,6.0,1403.0
3197,143.0,6.0,2729.0
3198,144.0,6.0,14938.0
3199,145.0,6.0,2299.0
3200,146.0,6.0,297.0
3201,147.0,6.0,451.0
3202,148.0,6.0,105.0
3203,149.0,6.0,695.0
3204,150.0,6.0,258.0
3205,151.0,6.0,419.0
3206,152.0,6.0,582.0
3207,153.0,6.0,1447.0
3208,154.0,6.0,1040.0
3209,155.0,6.0,1835.0
3210,156.0,6.0,346.0
3211,157.0,6.0,2475.0
3212,158.0,6.0,925.0
3213,159.0,6.0,419.0
3214,160.0,6.0,4201.0
3215,161.0,6.0,1737.0
3216,162.0,6.0,856.0
3217,163.0,6.0,926.0
3218,164.0,6.0,479.0
3219,165.0,6.0,658.0
3220,166.0,6.0,1498.0
3221,167.0,6.0,2048.0
3222,168.0,6.0,4053.0
3223,169.0,6.0,3636.0
3224,170.0,6.0,9000.0
3225,171.0,6.0,2537.0
3226,172.0,6.0,73581.0
3227,173.0,6.0,459.0
3228,174.0,6.0,509.0
3229,175.0,6.0,2026.0
3230,176.0,6.0,2984.0
3231,177.0,6.0,842.0
3232,178.0,6.0,1105.0
3233,179.0,6.0,686.0
3234,180.0,6.0,1441.0
3235,181.0,6.0,1516.0
3236,182.0,6.0,164.0
3237,183.0,6.0,615.0
3238,184.0,6.0,1983.0
3239,185.0,6.0,4183.0
3240,186.0,6.0,2329.0
3241,187.0,6.0,420.0
3242,188.0,6.0,1037.0
3243,189.0,6.0,2459.0
3244,190.0,6.0,1146.0
3245,191.0,6.0,235.0
3246,192.0,6.0,1516.0
3247,193.0,6.0,1277.0
3248,194.0,6.0,266.0
3249,195.0,6.0,472.0
3250,196.0,6.0,1094.0
3251,197.0,6.0,1230.0
3252,198.0,6.0,944.0
3253,199.0,6.0,2095.0
3254,200.0,6.0,401.0
3255,201.0,6.0,84.0
3256,202.0,6.0,1903.0
3257,203.0,6.0,1697.0
3258,204.0,6.0,326.0
3259,205.0,6.0,262.0
3260,206.0,6.0,184.0
3261,207.0,6.0,3.0
3262,208.0,6.0,1056.0
3263,209.0,6.0,3295.0
3264,210.0,6.0,1940.0
3265,211.0,6.0,232.0
3266,212.0,6.0,116.0
3267,213.0,6.0,463.0
3268,214.0,6.0,11575.0
3269,215.0,6.0,35803.0
3270,216.0,6.0,259.0
3271,217.0,6.0,289.0
3272,218.0,6.0,163.0
3273,219.0,6.0,2399.0
3274,220.0,6.0,3062.0
3275,221.0,6.0,2185.0
3276,222.0,6.0,402.0
3277,223.0,6.0,26271.0
3278,224.0,6.0,575.0
3279,225.0,6.0,289.0
3280,226.0,6.0,10669.0
3281,227.0,6.0,2199.0
3282,228.0,6.0,8361.0
3283,229.0,6.0,6211.0
3284,230.0,6.0,604.0
3285,231.0,6.0,628.0
3286,232.0,6.0,234.0
3287,233.0,6.0,2630.0
3288,234.0,6.0,7005.0
3289,235.0,6.0,463.0
3290,236.0,6.0,434.0
3291,237.0,6.0,41.0
3292,238.0,6.0,1452.0
3293,239.0,6.0,2890.0
3294,240.0,6.0,464.0
3295,241.0,6.0,287.0
3296,242.0,6.0,7386.0
3297,243.0,6.0,2426.0
3298,244.0,6.0,39150.0
3299,245.0,6.0,113.0
3300,246.0,6.0,963.0
3301,247.0,6.0,2750.0
3302,248.0,6.0,217.0
3303,249.0,6.0,286.0
3304,250.0,6.0,493.0
3305,251.0,6.0,283.0
3306,252.0,6.0,2554.0
3307,253.0,6.0,493.0
3308,254.0,6.0,488.0
3309,255.0,6.0,7236.0
3310,256.0,6.0,1331.0
3311,257.0,6.0,985.0
3312,258.0,6.0,4801.0
3313,259.0,6.0,1189.0
3314,260.0,6.0,3746.0
3315,261.0,6.0,107.0
3316,262.0,6.0,151.0
3317,263.0,6.0,155.0
3318,264.0,6.0,533.0
3319,265.0,6.0,438.0
3320,266.0,6.0,2489.0
3321,267.0,6.0,3825.0
3322,268.0,6.0,80.0
3323,269.0,6.0,39008.0
3324,270.0,6.0,26.0
3325,271.0,6.0,177.0
3326,272.0,6.0,906.0
3327,273.0,6.0,227.0
3328,274.0,6.0,5161.0
3329,275.0,6.0,4296.0
3330,276.0,6.0,2453.0
3331,277.0,6.0,576.0
3332,278.0,6.0,1413.0
3333,279.0,6.0,4029.0
3334,280.0,6.0,858.0
3335,281.0,6.0,834.0
3336,282.0,6.0,624.0
3337,283.0,6.0,769.0
3338,284.0,6.0,825.0
3339,285.0,6.0,622.0
3340,286.0,6.0,1439.0
3341,287.0,6.0,750.0
3342,288.0,6.0,3969.0
3343,289.0,6.0,520.0
3344,290.0,6.0,1446.0
3345,291.0,6.0,1022.0
3346,292.0,6.0,954.0
3347,293.0,6.0,435.0
3348,294.0,6.0,7498.0
3349,295.0,6.0,763.0
3350,296.0,6.0,191.0
3351,297.0,6.0,17.0
3352,298.0,6.0,2757.0
3353,299.0,6.0,2551.0
3354,300.0,6.0,3416.0
3355,301.0,6.0,1713.0
3356,302.0,6.0,607.0
3357,303.0,6.0,1303.0
3358,304.0,6.0,717.0
3359,305.0,6.0,717.0
3360,306.0,6.0,1850.0
3361,307.0,6.0,1180.0
3362,308.0,6.0,1773.0
3363,309.0,6.0,7128.0
3364,310.0,6.0,581.0
3365,311.0,6.0,263.0
3366,312.0,6.0,21093.0
3367,313.0,6.0,1917.0
3368,314.0,6.0,2864.0
3369,315.0,6.0,3055.0
3370,316.0,6.0,261.0
3371,317.0,6.0,354.0
3372,318.0,6.0,219.0
3373,319.0,6.0,484.0
3374,320.0,6.0,228.0
3375,321.0,6.0,1465.0
3376,322.0,6.0,3302.0
3377,323.0,6.0,5917.0
3378,324.0,6.0,361.0
3379,325.0,6.0,3308.0
3380,326.0,6.0,1246.0
3381,327.0,6.0,958.0
3382,328.0,6.0,1385.0
3383,329.0,6.0,2.0
3384,330.0,6.0,4245.0
3385,331.0,6.0,345.0
3386,332.0,6.0,1041.0
3387,333.0,6.0,5692.0
3388,334.0,6.0,942.0
3389,335.0,6.0,5664.0
3390,336.0,6.0,2913.0
3391,337.0,6.0,1141.0
3392,338.0,6.0,5373.0
3393,339.0,6.0,205.0
3394,340.0,6.0,2549.0
3395,341.0,6.0,4200.0
3396,342.0,6.0,898.0
3397,343.0,6.0,16608.0
3398,344.0,6.0,2406.0
3399,345.0,6.0,242.0
3400,346.0,6.0,2277.0
3401,347.0,6.0,2218.0
3402,348.0,6.0,1954.0
3403,349.0,6.0,340.0
3404,350.0,6.0,736.0
3405,351.0,6.0,667.0
3406,352.0,6.0,224.0
3407,353.0,6.0,1754.0
3408,354.0,6.0,1451.0
3409,355.0,6.0,509.0
3410,356.0,6.0,418.0
3411,357.0,6.0,900.0
3412,358.0,6.0,2154.0
3413,359.0,6.0,234.0
3414,360.0,6.0,951.0
3415,361.0,6.0,415.0
3416,362.0,6.0,346.0
3417,363.0,6.0,5271.0
3418,364.0,6.0,896.0
3419,365.0,6.0,196.0
3420,366.0,6.0,773.0
3421,367.0,6.0,822.0
3422,368.0,6.0,6402.0
3423,369.0,6.0,1126.0
3424,370.0,6.0,381.0
3425,371.0,6.0,2338.0
3426,372.0,6.0,2.0
3427,373.0,6.0,8257.0
3428,374.0,6.0,1676.0
3429,375.0,6.0,400.0
3430,376.0,6.0,829.0
3431,377.0,6.0,2209.0
3432,378.0,6.0,813.0
3433,379.0,6.0,9772.0
3434,380.0,6.0,4865.0
3435,381.0,6.0,1019.0
3436,382.0,6.0,708.0
3437,383.0,6.0,243.0
3438,384.0,6.0,457.0
3439,385.0,6.0,1812.0
3440,386.0,6.0,1089.0
3441,387.0,6.0,3498.0
3442,388.0,6.0,447.0
3443,389.0,6.0,382.0
3444,390.0,6.0,3500.0
3445,391.0,6.0,334.0
3446,392.0,6.0,604.0
3447,393.0,6.0,1277.0
3448,394.0,6.0,1162.0
3449,395.0,6.0,1156.0
3450,396.0,6.0,305.0
3451,397.0,6.0,833.0
3452,398.0,6.0,0.0
3453,399.0,6.0,390.0
3454,400.0,6.0,12562.0
3455,401.0,6.0,540.0
3456,402.0,6.0,631.0
3457,403.0,6.0,36.0
3458,404.0,6.0,11.0
3459,405.0,6.0,1356.0
3460,406.0,6.0,113.0
3461,407.0,6.0,1015.0
3462,408.0,6.0,943.0
3463,409.0,6.0,760.0
3464,410.0,6.0,2137.0
3465,411.0,6.0,161.0
3466,412.0,6.0,17419.0
3467,413.0,6.0,18518.0
3468,414.0,6.0,2598.0
3469,415.0,6.0,241.0
3470,416.0,6.0,5375.0
3471,417.0,6.0,2715.0
3472,418.0,6.0,321.0
3473,419.0,6.0,276.0
3474,420.0,6.0,3680.0
3475,421.0,6.0,2820.0
3476,422.0,6.0,4113.0
3477,423.0,6.0,2.0
3478,424.0,6.0,9441.0
3479,425.0,6.0,1160.0
3480,426.0,6.0,421.0
3481,427.0,6.0,248.0
3482,428.0,6.0,1000.0
3483,429.0,6.0,27898.0
3484,430.0,6.0,1338.0
3485,431.0,6.0,0.0
3486,432.0,6.0,2421.0
3487,433.0,6.0,781.0
3488,434.0,6.0,4.0
3489,435.0,6.0,1974.0
3490,436.0,6.0,1020.0
3491,437.0,6.0,991.0
3492,438.0,6.0,723.0
3493,439.0,6.0,5942.0
3494,440.0,6.0,9.0
3495,441.0,6.0,820.0
3496,442.0,6.0,18.0
3497,443.0,6.0,396.0
3498,444.0,6.0,113.0
3499,445.0,6.0,10.0
3500,446.0,6.0,2.0
3501,447.0,6.0,27.0
3502,448.0,6.0,101.0
3503,449.0,6.0,16.0
3504,450.0,6.0,19250.0
3505,451.0,6.0,7673.0
3506,452.0,6.0,47.0
3507,453.0,6.0,1402.0
3508,454.0,6.0,3458.0
3509,455.0,6.0,3143.0
3510,456.0,6.0,2139.0
3511,457.0,6.0,438.0
3512,458.0,6.0,29.0
3513,459.0,6.0,926.0
3514,460.0,6.0,261.0
3515,461.0,6.0,204.0
3516,462.0,6.0,821.0
3517,463.0,6.0,7343.0
3518,464.0,6.0,2691.0
3519,465.0,6.0,1837.0
3520,466.0,6.0,9.0
3521,467.0,6.0,235.0
3522,468.0,6.0,158.0
3523,469.0,6.0,392.0
3524,470.0,6.0,3886.0
3525,471.0,6.0,491.0
3526,472.0,6.0,1379.0
3527,473.0,6.0,986.0
3528,474.0,6.0,2790.0
3529,475.0,6.0,1963.0
3530,476.0,6.0,736.0
3531,477.0,6.0,907.0
3532,478.0,6.0,1120.0
3533,479.0,6.0,9.0
3534,480.0,6.0,127.0
3535,481.0,6.0,3310.0
3536,482.0,6.0,648.0
3537,483.0,6.0,506.0
3538,484.0,6.0,31521.0
3539,485.0,6.0,163.0
3540,486.0,6.0,1305.0
3541,487.0,6.0,2598.0
3542,488.0,6.0,1282.0
3543,489.0,6.0,3829.0
3544,490.0,6.0,13732.0
3545,491.0,6.0,816.0
3546,492.0,6.0,2875.0
3547,493.0,6.0,1952.0
3548,494.0,6.0,972.0
3549,495.0,6.0,23207.0
3550,496.0,6.0,1592.0
3551,497.0,6.0,2457.0
3552,498.0,6.0,1450.0
3553,499.0,6.0,109.0
3554,500.0,6.0,5472.0
3555,501.0,6.0,2125.0
3556,502.0,6.0,306.0
3557,503.0,6.0,301.0
3558,504.0,6.0,239.0
3559,505.0,6.0,25085.0
3560,506.0,6.0,338.0
3561,507.0,6.0,805.0
3562,508.0,6.0,2363.0
3563,509.0,6.0,509.0
3564,510.0,6.0,848.0
3565,511.0,6.0,128.0
3566,512.0,6.0,18737.0
3567,513.0,6.0,17.0
3568,514.0,6.0,645.0
3569,515.0,6.0,292.0
3570,516.0,6.0,197.0
3571,517.0,6.0,4941.0
3572,518.0,6.0,26.0
3573,519.0,6.0,277.0
3574,520.0,6.0,2968.0
3575,521.0,6.0,1245.0
3576,522.0,6.0,9872.0
3577,523.0,6.0,1369.0
3578,524.0,6.0,587.0
3579,525.0,6.0,1669.0
3580,526.0,6.0,964.0
3581,527.0,6.0,2582.0
3582,528.0,6.0,174.0
3583,529.0,6.0,556.0
3584,530.0,6.0,1990.0
3585,531.0,6.0,2932.0
3586,532.0,6.0,3555.0
3587,533.0,6.0,416.0
3588,534.0,6.0,2003.0
3589,535.0,6.0,883.0
3590,536.0,6.0,4495.0
3591,537.0,6.0,12281.0
3592,538.0,6.0,287.0
3593,539.0,6.0,826.0
3594,540.0,6.0,16.0
3595,541.0,6.0,4.0
3596,542.0,6.0,1571.0
3597,543.0,6.0,196.0
3598,544.0,6.0,248.0
3599,545.0,6.0,17663.0
3600,546.0,6.0,1372.0
3601,547.0,6.0,307.0
3602,548.0,6.0,7178.0
3603,549.0,6.0,9463.0
3604,550.0,6.0,3904.0
3605,551.0,6.0,1163.0
3606,552.0,6.0,206.0
3607,553.0,6.0,85874.0
3608,554.0,6.0,1892.0
3609,555.0,6.0,4760.0
3610,556.0,6.0,2747.0
3611,557.0,6.0,2849.0
3612,558.0,6.0,1134.0
3613,559.0,6.0,907.0
3614,560.0,6.0,4891.0
3615,561.0,6.0,13744.0
3616,562.0,6.0,1477.0
3617,563.0,6.0,8387.0
3618,564.0,6.0,332.0
3619,565.0,6.0,540.0
3620,566.0,6.0,2999.0
3621,567.0,6.0,1379.0
3622,568.0,6.0,231.0
3623,569.0,6.0,516.0
3624,570.0,6.0,2237.0
3625,571.0,6.0,1463.0
3626,572.0,6.0,119.0
3627,573.0,6.0,1238.0
3628,574.0,6.0,2311.0
3629,575.0,6.0,5681.0
3630,576.0,6.0,5383.0
3631,577.0,6.0,582.0
3632,578.0,6.0,2466.0
3633,579.0,6.0,4090.0
3634,580.0,6.0,249.0
3635,581.0,6.0,396.0
3636,582.0,6.0,1813.0
3637,583.0,6.0,103.0
3638,584.0,6.0,1492.0
3639,585.0,6.0,2300.0
3640,586.0,6.0,142.0
3641,587.0,6.0,634.0
3642,588.0,6.0,2881.0
3643,589.0,6.0,23364.0
3644,590.0,6.0,281.0
3645,591.0,6.0,468.0
3646,592.0,6.0,2842.0
3647,593.0,6.0,2616.0
3648,594.0,6.0,687.0
3649,595.0,6.0,1.0
3650,596.0,6.0,1.0
3651,597.0,6.0,7452.0
3652,598.0,6.0,2122.0
3653,599.0,6.0,287.0
3654,600.0,6.0,2425.0
3655,601.0,6.0,594.0
3656,602.0,6.0,10927.0
3657,603.0,6.0,1174.0
3658,604.0,6.0,1004.0
3659,605.0,6.0,923.0
3660,606.0,6.0,2703.0
3661,607.0,6.0,10091.0
3662,608.0,6.0,346.0
3663,609.0,6.0,305.0
3664,610.0,6.0,393.0
3665,611.0,6.0,204.0
3666,612.0,6.0,8.0
3667,613.0,6.0,488.0
3668,614.0,6.0,409.0
3669,615.0,6.0,2166.0
3670,616.0,6.0,172.0
3671,617.0,6.0,602.0
3672,618.0,6.0,1171.0
3673,619.0,6.0,456.0
3674,620.0,6.0,259.0
3675,621.0,6.0,12.0
3676,622.0,6.0,173.0
3677,623.0,6.0,6585.0
3678,624.0,6.0,657.0
3679,625.0,6.0,274.0
3680,626.0,6.0,501.0
3681,627.0,6.0,39.0
3682,628.0,6.0,1427.0
3683,629.0,6.0,228.0
3684,630.0,6.0,1529.0
3685,631.0,6.0,543.0
3686,632.0,6.0,917.0
3687,633.0,6.0,274.0
3688,634.0,6.0,574.0
3689,635.0,6.0,557.0
3690,636.0,6.0,433.0
3691,637.0,6.0,1000.0
3692,638.0,6.0,2176.0
3693,639.0,6.0,1555.0
3694,640.0,6.0,1688.0
3695,641.0,6.0,1496.0
3696,642.0,6.0,797.0
3697,643.0,6.0,10437.0
3698,644.0,6.0,1052.0
3699,645.0,6.0,1502.0
3700,646.0,6.0,6164.0
3701,647.0,6.0,15.0
3702,648.0,6.0,421.0
3703,649.0,6.0,7.0
3704,650.0,6.0,1.0
3705,651.0,6.0,696.0
3706,652.0,6.0,17508.0
3707,653.0,6.0,4487.0
3708,654.0,6.0,607.0
3709,655.0,6.0,456.0
3710,656.0,6.0,1342.0
3711,657.0,6.0,3046.0
3712,658.0,6.0,1531.0
3713,659.0,6.0,249.0
3714,660.0,6.0,7599.0
3715,661.0,6.0,402.0
3716,662.0,6.0,472.0
3717,663.0,6.0,153.0
3718,664.0,6.0,403.0
3719,665.0,6.0,120.0
3720,666.0,6.0,632.0
3721,667.0,6.0,3384.0
3722,668.0,6.0,39298.0
3723,669.0,6.0,3862.0
3724,670.0,6.0,7648.0
3725,671.0,6.0,10931.0
3726,672.0,6.0,11055.0
3727,673.0,6.0,1893.0
3728,674.0,6.0,4302.0
3729,675.0,6.0,3009.0
3730,676.0,6.0,119.0
3731,677.0,6.0,82.0
3732,678.0,6.0,3332.0
3733,679.0,6.0,4325.0
3734,680.0,6.0,1726.0
3735,681.0,6.0,1846.0
3736,682.0,6.0,4405.0
3737,683.0,6.0,378.0
3738,684.0,6.0,21.0
3739,685.0,6.0,4064.0
3740,686.0,6.0,1114.0
3741,687.0,6.0,2509.0
3742,688.0,6.0,377.0
3743,689.0,6.0,7243.0
3744,690.0,6.0,601.0
3745,691.0,6.0,83.0
3746,692.0,6.0,280.0
3747,693.0,6.0,1337.0
3748,694.0,6.0,508.0
3749,695.0,6.0,1.0
3750,696.0,6.0,40.0
3751,697.0,6.0,135.0
3752,698.0,6.0,466.0
3753,699.0,6.0,1125.0
3754,700.0,6.0,2827.0
3755,701.0,6.0,678.0
3756,702.0,6.0,3545.0
3757,703.0,6.0,2181.0
3758,704.0,6.0,340.0
3759,705.0,6.0,5426.0
3760,706.0,6.0,4910.0
3761,707.0,6.0,605.0
3762,708.0,6.0,3783.0
3763,709.0,6.0,3665.0
3764,710.0,6.0,4847.0
3765,711.0,6.0,25929.0
3766,712.0,6.0,16195.0
3767,713.0,6.0,694.0
3768,714.0,6.0,1116.0
3769,715.0,6.0,872.0
3770,716.0,6.0,2169.0
3771,717.0,6.0,328.0
3772,718.0,6.0,24796.0
3773,719.0,6.0,8.0
3774,720.0,6.0,325.0
3775,721.0,6.0,54.0
3776,722.0,6.0,108.0
3777,723.0,6.0,1154.0
3778,724.0,6.0,2750.0
3779,725.0,6.0,16.0
3780,726.0,6.0,18243.0
3781,727.0,6.0,3047.0
3782,728.0,6.0,1366.0
3783,729.0,6.0,739.0
3784,730.0,6.0,2270.0
3785,731.0,6.0,102.0
3786,101.0,7.0,35.0
3787,102.0,7.0,399.0
3788,103.0,7.0,832.0
3789,104.0,7.0,3644.0
3790,105.0,7.0,37.0
3791,106.0,7.0,398.0
3792,107.0,7.0,455.0
3793,108.0,7.0,515.0
3794,109.0,7.0,719.0
3795,110.0,7.0,607.0
3796,111.0,7.0,107.0
3797,112.0,7.0,177.0
3798,113.0,7.0,524.0
3799,114.0,7.0,553.0
3800,115.0,7.0,109.0
3801,116.0,7.0,253.0
3802,117.0,7.0,559.0
3803,118.0,7.0,140.0
3804,119.0,7.0,602.0
3805,120.0,7.0,186.0
3806,121.0,7.0,50.0
3807,122.0,7.0,3419.0
3808,123.0,7.0,167.0
3809,124.0,7.0,293.0
3810,125.0,7.0,5.0
3811,126.0,7.0,71.0
3812,127.0,7.0,600.0
3813,128.0,7.0,39.0
3814,129.0,7.0,287.0
3815,130.0,7.0,89.0
3816,131.0,7.0,49.0
3817,132.0,7.0,237.0
3818,133.0,7.0,249.0
3819,134.0,7.0,1497.0
3820,135.0,7.0,534.0
3821,136.0,7.0,265.0
3822,137.0,7.0,667.0
3823,138.0,7.0,30.0
3824,139.0,7.0,65.0
3825,140.0,7.0,186.0
3826,141.0,7.0,60.0
3827,142.0,7.0,153.0
3828,143.0,7.0,510.0
3829,144.0,7.0,2063.0
3830,145.0,7.0,245.0
3831,146.0,7.0,279.0
3832,147.0,7.0,228.0
3833,148.0,7.0,79.0
3834,149.0,7.0,137.0
3835,150.0,7.0,102.0
3836,151.0,7.0,119.0
3837,152.0,7.0,155.0
3838,153.0,7.0,150.0
3839,154.0,7.0,142.0
3840,155.0,7.0,514.0
3841,156.0,7.0,135.0
3842,157.0,7.0,492.0
3843,158.0,7.0,162.0
3844,159.0,7.0,208.0
3845,160.0,7.0,678.0
3846,161.0,7.0,878.0
3847,162.0,7.0,101.0
3848,163.0,7.0,139.0
3849,164.0,7.0,87.0
3850,165.0,7.0,164.0
3851,166.0,7.0,220.0
3852,167.0,7.0,459.0
3853,168.0,7.0,619.0
3854,169.0,7.0,245.0
3855,170.0,7.0,1991.0
3856,171.0,7.0,779.0
3857,172.0,7.0,15632.0
3858,173.0,7.0,104.0
3859,174.0,7.0,80.0
3860,175.0,7.0,555.0
3861,176.0,7.0,391.0
3862,177.0,7.0,467.0
3863,178.0,7.0,87.0
3864,179.0,7.0,118.0
3865,180.0,7.0,254.0
3866,181.0,7.0,107.0
3867,182.0,7.0,29.0
3868,183.0,7.0,228.0
3869,184.0,7.0,138.0
3870,185.0,7.0,941.0
3871,186.0,7.0,336.0
3872,187.0,7.0,100.0
3873,188.0,7.0,276.0
3874,189.0,7.0,311.0
3875,190.0,7.0,828.0
3876,191.0,7.0,58.0
3877,192.0,7.0,232.0
3878,193.0,7.0,629.0
3879,194.0,7.0,46.0
3880,195.0,7.0,183.0
3881,196.0,7.0,236.0
3882,197.0,7.0,290.0
3883,198.0,7.0,221.0
3884,199.0,7.0,583.0
3885,200.0,7.0,160.0
3886,201.0,7.0,15.0
3887,202.0,7.0,119.0
3888,203.0,7.0,246.0
3889,204.0,7.0,53.0
3890,205.0,7.0,44.0
3891,206.0,7.0,95.0
3892,207.0,7.0,0.0
3893,208.0,7.0,189.0
3894,209.0,7.0,1156.0
3895,210.0,7.0,1213.0
3896,211.0,7.0,58.0
3897,212.0,7.0,45.0
3898,213.0,7.0,61.0
3899,214.0,7.0,1838.0
3900,215.0,7.0,5088.0
3901,216.0,7.0,98.0
3902,217.0,7.0,49.0
3903,218.0,7.0,42.0
3904,219.0,7.0,649.0
3905,220.0,7.0,911.0
3906,221.0,7.0,821.0
3907,222.0,7.0,131.0
3908,223.0,7.0,4985.0
3909,224.0,7.0,151.0
3910,225.0,7.0,132.0
3911,226.0,7.0,2920.0
3912,227.0,7.0,726.0
3913,228.0,7.0,2220.0
3914,229.0,7.0,1761.0
3915,230.0,7.0,80.0
3916,231.0,7.0,78.0
3917,232.0,7.0,120.0
3918,233.0,7.0,248.0
3919,234.0,7.0,1887.0
3920,235.0,7.0,73.0
3921,236.0,7.0,135.0
3922,237.0,7.0,13.0
3923,238.0,7.0,182.0
3924,239.0,7.0,419.0
3925,240.0,7.0,102.0
3926,241.0,7.0,58.0
3927,242.0,7.0,1490.0
3928,243.0,7.0,1056.0
3929,244.0,7.0,13445.0
3930,245.0,7.0,39.0
3931,246.0,7.0,145.0
3932,247.0,7.0,394.0
3933,248.0,7.0,69.0
3934,249.0,7.0,77.0
3935,250.0,7.0,323.0
3936,251.0,7.0,251.0
3937,252.0,7.0,260.0
3938,253.0,7.0,131.0
3939,254.0,7.0,172.0
3940,255.0,7.0,1392.0
3941,256.0,7.0,312.0
3942,257.0,7.0,126.0
3943,258.0,7.0,1320.0
3944,259.0,7.0,71.0
3945,260.0,7.0,596.0
3946,261.0,7.0,40.0
3947,262.0,7.0,17.0
3948,263.0,7.0,69.0
3949,264.0,7.0,74.0
3950,265.0,7.0,110.0
3951,266.0,7.0,1269.0
3952,267.0,7.0,381.0
3953,268.0,7.0,21.0
3954,269.0,7.0,6301.0
3955,270.0,7.0,13.0
3956,271.0,7.0,13.0
3957,272.0,7.0,337.0
3958,273.0,7.0,22.0
3959,274.0,7.0,1404.0
3960,275.0,7.0,921.0
3961,276.0,7.0,551.0
3962,277.0,7.0,140.0
3963,278.0,7.0,297.0
3964,279.0,7.0,938.0
3965,280.0,7.0,298.0
3966,281.0,7.0,167.0
3967,282.0,7.0,177.0
3968,283.0,7.0,76.0
3969,284.0,7.0,149.0
3970,285.0,7.0,190.0
3971,286.0,7.0,174.0
3972,287.0,7.0,270.0
3973,288.0,7.0,953.0
3974,289.0,7.0,130.0
3975,290.0,7.0,112.0
3976,291.0,7.0,238.0
3977,292.0,7.0,185.0
3978,293.0,7.0,49.0
3979,294.0,7.0,682.0
3980,295.0,7.0,73.0
3981,296.0,7.0,156.0
3982,297.0,7.0,8.0
3983,298.0,7.0,726.0
3984,299.0,7.0,237.0
3985,300.0,7.0,720.0
3986,301.0,7.0,228.0
3987,302.0,7.0,72.0
3988,303.0,7.0,447.0
3989,304.0,7.0,65.0
3990,305.0,7.0,210.0
3991,306.0,7.0,246.0
3992,307.0,7.0,665.0
3993,308.0,7.0,243.0
3994,309.0,7.0,1318.0
3995,310.0,7.0,90.0
3996,311.0,7.0,36.0
3997,312.0,7.0,3671.0
3998,313.0,7.0,335.0
3999,314.0,7.0,1098.0
4000,315.0,7.0,909.0
4001,316.0,7.0,73.0
4002,317.0,7.0,41.0
4003,318.0,7.0,17.0
4004,319.0,7.0,131.0
4005,320.0,7.0,66.0
4006,321.0,7.0,296.0
4007,322.0,7.0,714.0
4008,323.0,7.0,1690.0
4009,324.0,7.0,66.0
4010,325.0,7.0,778.0
4011,326.0,7.0,222.0
4012,327.0,7.0,203.0
4013,328.0,7.0,490.0
4014,329.0,7.0,0.0
4015,330.0,7.0,703.0
4016,331.0,7.0,74.0
4017,332.0,7.0,297.0
4018,333.0,7.0,645.0
4019,334.0,7.0,116.0
4020,335.0,7.0,1323.0
4021,336.0,7.0,633.0
4022,337.0,7.0,368.0
4023,338.0,7.0,1615.0
4024,339.0,7.0,79.0
4025,340.0,7.0,558.0
4026,341.0,7.0,1169.0
4027,342.0,7.0,172.0
4028,343.0,7.0,3296.0
4029,344.0,7.0,577.0
4030,345.0,7.0,17.0
4031,346.0,7.0,524.0
4032,347.0,7.0,1614.0
4033,348.0,7.0,600.0
4034,349.0,7.0,72.0
4035,350.0,7.0,133.0
4036,351.0,7.0,459.0
4037,352.0,7.0,110.0
4038,353.0,7.0,252.0
4039,354.0,7.0,143.0
4040,355.0,7.0,98.0
4041,356.0,7.0,173.0
4042,357.0,7.0,351.0
4043,358.0,7.0,335.0
4044,359.0,7.0,28.0
4045,360.0,7.0,323.0
4046,361.0,7.0,103.0
4047,362.0,7.0,192.0
4048,363.0,7.0,984.0
4049,364.0,7.0,141.0
4050,365.0,7.0,159.0
4051,366.0,7.0,90.0
4052,367.0,7.0,305.0
4053,368.0,7.0,1033.0
4054,369.0,7.0,220.0
4055,370.0,7.0,60.0
4056,371.0,7.0,696.0
4057,372.0,7.0,0.0
4058,373.0,7.0,774.0
4059,374.0,7.0,163.0
4060,375.0,7.0,171.0
4061,376.0,7.0,97.0
4062,377.0,7.0,630.0
4063,378.0,7.0,218.0
4064,379.0,7.0,1865.0
4065,380.0,7.0,541.0
4066,381.0,7.0,200.0
4067,382.0,7.0,86.0
4068,383.0,7.0,38.0
4069,384.0,7.0,61.0
4070,385.0,7.0,844.0
4071,386.0,7.0,217.0
4072,387.0,7.0,748.0
4073,388.0,7.0,126.0
4074,389.0,7.0,135.0
4075,390.0,7.0,231.0
4076,391.0,7.0,49.0
4077,392.0,7.0,103.0
4078,393.0,7.0,369.0
4079,394.0,7.0,383.0
4080,395.0,7.0,102.0
4081,396.0,7.0,70.0
4082,397.0,7.0,232.0
4083,398.0,7.0,0.0
4084,399.0,7.0,45.0
4085,400.0,7.0,3856.0
4086,401.0,7.0,193.0
4087,402.0,7.0,174.0
4088,403.0,7.0,22.0
4089,404.0,7.0,0.0
4090,405.0,7.0,239.0
4091,406.0,7.0,85.0
4092,407.0,7.0,233.0
4093,408.0,7.0,222.0
4094,409.0,7.0,85.0
4095,410.0,7.0,448.0
4096,411.0,7.0,7.0
4097,412.0,7.0,2769.0
4098,413.0,7.0,2386.0
4099,414.0,7.0,589.0
4100,415.0,7.0,93.0
4101,416.0,7.0,1100.0
4102,417.0,7.0,495.0
4103,418.0,7.0,257.0
4104,419.0,7.0,149.0
4105,420.0,7.0,785.0
4106,421.0,7.0,664.0
4107,422.0,7.0,901.0
4108,423.0,7.0,2.0
4109,424.0,7.0,1741.0
4110,425.0,7.0,350.0
4111,426.0,7.0,61.0
4112,427.0,7.0,8.0
4113,428.0,7.0,195.0
4114,429.0,7.0,3261.0
4115,430.0,7.0,463.0
4116,431.0,7.0,7.0
4117,432.0,7.0,459.0
4118,433.0,7.0,96.0
4119,434.0,7.0,0.0
4120,435.0,7.0,213.0
4121,436.0,7.0,101.0
4122,437.0,7.0,253.0
4123,438.0,7.0,84.0
4124,439.0,7.0,1673.0
4125,440.0,7.0,0.0
4126,441.0,7.0,254.0
4127,442.0,7.0,29.0
4128,443.0,7.0,74.0
4129,444.0,7.0,15.0
4130,445.0,7.0,23.0
4131,446.0,7.0,0.0
4132,447.0,7.0,26.0
4133,448.0,7.0,3.0
4134,449.0,7.0,8.0
4135,450.0,7.0,4074.0
4136,451.0,7.0,818.0
4137,452.0,7.0,1.0
4138,453.0,7.0,223.0
4139,454.0,7.0,478.0
4140,455.0,7.0,522.0
4141,456.0,7.0,409.0
4142,457.0,7.0,264.0
4143,458.0,7.0,16.0
4144,459.0,7.0,281.0
4145,460.0,7.0,42.0
4146,461.0,7.0,71.0
4147,462.0,7.0,170.0
4148,463.0,7.0,855.0
4149,464.0,7.0,160.0
4150,465.0,7.0,142.0
4151,466.0,7.0,3.0
4152,467.0,7.0,47.0
4153,468.0,7.0,106.0
4154,469.0,7.0,122.0
4155,470.0,7.0,1095.0
4156,471.0,7.0,170.0
4157,472.0,7.0,319.0
4158,473.0,7.0,227.0
4159,474.0,7.0,1177.0
4160,475.0,7.0,708.0
4161,476.0,7.0,121.0
4162,477.0,7.0,106.0
4163,478.0,7.0,154.0
4164,479.0,7.0,2.0
4165,480.0,7.0,18.0
4166,481.0,7.0,606.0
4167,482.0,7.0,120.0
4168,483.0,7.0,73.0
4169,484.0,7.0,7907.0
4170,485.0,7.0,90.0
4171,486.0,7.0,87.0
4172,487.0,7.0,283.0
4173,488.0,7.0,423.0
4174,489.0,7.0,534.0
4175,490.0,7.0,3445.0
4176,491.0,7.0,265.0
4177,492.0,7.0,471.0
4178,493.0,7.0,492.0
4179,494.0,7.0,110.0
4180,495.0,7.0,8201.0
4181,496.0,7.0,552.0
4182,497.0,7.0,171.0
4183,498.0,7.0,369.0
4184,499.0,7.0,5.0
4185,500.0,7.0,1732.0
4186,501.0,7.0,415.0
4187,502.0,7.0,96.0
4188,503.0,7.0,58.0
4189,504.0,7.0,124.0
4190,505.0,7.0,4349.0
4191,506.0,7.0,60.0
4192,507.0,7.0,161.0
4193,508.0,7.0,333.0
4194,509.0,7.0,106.0
4195,510.0,7.0,243.0
4196,511.0,7.0,30.0
4197,512.0,7.0,3253.0
4198,513.0,7.0,4.0
4199,514.0,7.0,208.0
4200,515.0,7.0,315.0
4201,516.0,7.0,79.0
4202,517.0,7.0,1178.0
4203,518.0,7.0,1.0
4204,519.0,7.0,33.0
4205,520.0,7.0,272.0
4206,521.0,7.0,188.0
4207,522.0,7.0,2156.0
4208,523.0,7.0,209.0
4209,524.0,7.0,112.0
4210,525.0,7.0,711.0
4211,526.0,7.0,165.0
4212,527.0,7.0,795.0
4213,528.0,7.0,28.0
4214,529.0,7.0,289.0
4215,530.0,7.0,569.0
4216,531.0,7.0,528.0
4217,532.0,7.0,751.0
4218,533.0,7.0,108.0
4219,534.0,7.0,436.0
4220,535.0,7.0,161.0
4221,536.0,7.0,840.0
4222,537.0,7.0,1273.0
4223,538.0,7.0,241.0
4224,539.0,7.0,98.0
4225,540.0,7.0,0.0
4226,541.0,7.0,1.0
4227,542.0,7.0,284.0
4228,543.0,7.0,77.0
4229,544.0,7.0,14.0
4230,545.0,7.0,5202.0
4231,546.0,7.0,338.0
4232,547.0,7.0,30.0
4233,548.0,7.0,1725.0
4234,549.0,7.0,1883.0
4235,550.0,7.0,507.0
4236,551.0,7.0,164.0
4237,552.0,7.0,64.0
4238,553.0,7.0,19454.0
4239,554.0,7.0,300.0
4240,555.0,7.0,775.0
4241,556.0,7.0,806.0
4242,557.0,7.0,418.0
4243,558.0,7.0,263.0
4244,559.0,7.0,226.0
4245,560.0,7.0,993.0
4246,561.0,7.0,3760.0
4247,562.0,7.0,697.0
4248,563.0,7.0,4167.0
4249,564.0,7.0,74.0
4250,565.0,7.0,61.0
4251,566.0,7.0,710.0
4252,567.0,7.0,1012.0
4253,568.0,7.0,88.0
4254,569.0,7.0,110.0
4255,570.0,7.0,396.0
4256,571.0,7.0,213.0
4257,572.0,7.0,38.0
4258,573.0,7.0,469.0
4259,574.0,7.0,428.0
4260,575.0,7.0,2649.0
4261,576.0,7.0,661.0
4262,577.0,7.0,185.0
4263,578.0,7.0,663.0
4264,579.0,7.0,385.0
4265,580.0,7.0,44.0
4266,581.0,7.0,134.0
4267,582.0,7.0,366.0
4268,583.0,7.0,92.0
4269,584.0,7.0,346.0
4270,585.0,7.0,178.0
4271,586.0,7.0,92.0
4272,587.0,7.0,107.0
4273,588.0,7.0,741.0
4274,589.0,7.0,5299.0
4275,590.0,7.0,60.0
4276,591.0,7.0,100.0
4277,592.0,7.0,767.0
4278,593.0,7.0,318.0
4279,594.0,7.0,65.0
4280,595.0,7.0,3.0
4281,596.0,7.0,0.0
4282,597.0,7.0,1461.0
4283,598.0,7.0,211.0
4284,599.0,7.0,88.0
4285,600.0,7.0,392.0
4286,601.0,7.0,105.0
4287,602.0,7.0,4364.0
4288,603.0,7.0,143.0
4289,604.0,7.0,113.0
4290,605.0,7.0,275.0
4291,606.0,7.0,264.0
4292,607.0,7.0,3768.0
4293,608.0,7.0,90.0
4294,609.0,7.0,77.0
4295,610.0,7.0,137.0
4296,611.0,7.0,39.0
4297,612.0,7.0,0.0
4298,613.0,7.0,151.0
4299,614.0,7.0,73.0
4300,615.0,7.0,570.0
4301,616.0,7.0,29.0
4302,617.0,7.0,208.0
4303,618.0,7.0,101.0
4304,619.0,7.0,98.0
4305,620.0,7.0,56.0
4306,621.0,7.0,4.0
4307,622.0,7.0,51.0
4308,623.0,7.0,1522.0
4309,624.0,7.0,246.0
4310,625.0,7.0,35.0
4311,626.0,7.0,91.0
4312,627.0,7.0,0.0
4313,628.0,7.0,150.0
4314,629.0,7.0,21.0
4315,630.0,7.0,191.0
4316,631.0,7.0,41.0
4317,632.0,7.0,370.0
4318,633.0,7.0,47.0
4319,634.0,7.0,217.0
4320,635.0,7.0,137.0
4321,636.0,7.0,61.0
4322,637.0,7.0,341.0
4323,638.0,7.0,211.0
4324,639.0,7.0,320.0
4325,640.0,7.0,172.0
4326,641.0,7.0,126.0
4327,642.0,7.0,188.0
4328,643.0,7.0,2612.0
4329,644.0,7.0,201.0
4330,645.0,7.0,570.0
4331,646.0,7.0,871.0
4332,647.0,7.0,8.0
4333,648.0,7.0,230.0
4334,649.0,7.0,0.0
4335,650.0,7.0,1.0
4336,651.0,7.0,236.0
4337,652.0,7.0,3088.0
4338,653.0,7.0,712.0
4339,654.0,7.0,263.0
4340,655.0,7.0,54.0
4341,656.0,7.0,194.0
4342,657.0,7.0,394.0
4343,658.0,7.0,270.0
4344,659.0,7.0,162.0
4345,660.0,7.0,1374.0
4346,661.0,7.0,83.0
4347,662.0,7.0,190.0
4348,663.0,7.0,61.0
4349,664.0,7.0,153.0
4350,665.0,7.0,43.0
4351,666.0,7.0,252.0
4352,667.0,7.0,339.0
4353,668.0,7.0,8351.0
4354,669.0,7.0,695.0
4355,670.0,7.0,397.0
4356,671.0,7.0,1304.0
4357,672.0,7.0,1839.0
4358,673.0,7.0,521.0
4359,674.0,7.0,271.0
4360,675.0,7.0,720.0
4361,676.0,7.0,44.0
4362,677.0,7.0,77.0
4363,678.0,7.0,533.0
4364,679.0,7.0,657.0
4365,680.0,7.0,315.0
4366,681.0,7.0,586.0
4367,682.0,7.0,973.0
4368,683.0,7.0,112.0
4369,684.0,7.0,1.0
4370,685.0,7.0,1432.0
4371,686.0,7.0,124.0
4372,687.0,7.0,623.0
4373,688.0,7.0,144.0
4374,689.0,7.0,920.0
4375,690.0,7.0,150.0
4376,691.0,7.0,19.0
4377,692.0,7.0,94.0
4378,693.0,7.0,225.0
4379,694.0,7.0,185.0
4380,695.0,7.0,0.0
4381,696.0,7.0,9.0
4382,697.0,7.0,17.0
4383,698.0,7.0,83.0
4384,699.0,7.0,176.0
4385,700.0,7.0,807.0
4386,701.0,7.0,181.0
4387,702.0,7.0,613.0
4388,703.0,7.0,103.0
4389,704.0,7.0,43.0
4390,705.0,7.0,998.0
4391,706.0,7.0,732.0
4392,707.0,7.0,123.0
4393,708.0,7.0,508.0
4394,709.0,7.0,835.0
4395,710.0,7.0,469.0
4396,711.0,7.0,3520.0
4397,712.0,7.0,2919.0
4398,713.0,7.0,540.0
4399,714.0,7.0,370.0
4400,715.0,7.0,168.0
4401,716.0,7.0,244.0
4402,717.0,7.0,64.0
4403,718.0,7.0,4696.0
4404,719.0,7.0,7.0
4405,720.0,7.0,36.0
4406,721.0,7.0,1.0
4407,722.0,7.0,110.0
4408,723.0,7.0,325.0
4409,724.0,7.0,1314.0
4410,725.0,7.0,0.0
4411,726.0,7.0,4458.0
4412,727.0,7.0,592.0
4413,728.0,7.0,433.0
4414,729.0,7.0,170.0
4415,730.0,7.0,792.0
4416,731.0,7.0,0.0
